32003,Fleming Island,Clay,
32004,Ponte Vedra Beach,Saint Johns,
32006,Fleming Island,Clay,
32007,Bostwick,Putnam,
32008,Branford,Suwannee,
32009,Bryceville,Nassau,
32011,Callahan,Nassau,
32013,Day,Lafayette,
32024,Lake City,Columbia,
32025,Lake City,Columbia,
32026,Raiford,Union,
32030,Doctors Inlet,Clay,
32033,Elkton,Saint Johns,
32034,Fernandina Beach,Nassau,
32035,Fernandina Beach,Nassau,
32038,Fort White,Columbia,
32040,Glen Saint Mary,Baker,
32041,Yulee,Nassau,
32042,Graham,Bradford,
32043,Green Cove Springs,Clay,
32044,Hampton,Bradford,
32046,Hilliard,Nassau,
32050,Middleburg,Clay,
32052,Jasper,Hamilton,
32053,Jennings,Hamilton,
32054,Lake Butler,Union,
32055,Lake City,Columbia,
32056,Lake City,Columbia,
32058,Lawtey,Bradford,
32059,Lee,Madison,
32060,Live Oak,Suwannee,
32061,Lulu,Columbia,
32062,Mc Alpin,Suwannee,
32063,Macclenny,Baker,
32064,Live Oak,Suwannee,
32065,Orange Park,Clay,
32066,Mayo,Lafayette,
32067,Orange Park,Clay,
32068,Middleburg,Clay,
32071,O Brien,Suwannee,
32072,Olustee,Baker,
32073,Orange Park,Clay,
32079,Penney Farms,Clay,
32080,Saint Augustine,Saint Johns,
32081,Ponte Vedra,Saint Johns,
32082,Ponte Vedra Beach,Saint Johns,
32083,Raiford,Union,
32084,Saint Augustine,Saint Johns,
32085,Saint Augustine,Saint Johns,
32086,Saint Augustine,Saint Johns,
32087,Sanderson,Baker,
32091,Starke,Bradford,
32092,Saint Augustine,Saint Johns,
32094,Wellborn,Suwannee,
32095,Saint Augustine,Saint Johns,
32096,White Springs,Hamilton,
32097,Yulee,Nassau,
32099,Jacksonville,Duval,
32102,Astor,Lake,
32105,Barberville,Volusia,
32110,Bunnell,Flagler,
32111,Candler,Marion,
32112,Crescent City,Putnam,
32113,Citra,Marion,
32114,Daytona Beach,Volusia,
32115,Daytona Beach,Volusia,
32116,Daytona Beach,Volusia,
32117,Daytona Beach,Volusia,
32118,Daytona Beach,Volusia,
32119,Daytona Beach,Volusia,
32120,Daytona Beach,Volusia,
32121,Daytona Beach,Volusia,
32122,Daytona Beach,Volusia,
32123,Port Orange,Volusia,
32124,Daytona Beach,Volusia,
32125,Daytona Beach,Volusia,
32126,Daytona Beach,Volusia,
32127,Port Orange,Volusia,
32128,Port Orange,Volusia,
32129,Port Orange,Volusia,
32130,De Leon Springs,Volusia,
32131,East Palatka,Putnam,
32132,Edgewater,Volusia,
32133,Eastlake Weir,Marion,
32134,Fort Mc Coy,Marion,
32135,Palm Coast,Flagler,
32136,Flagler Beach,Flagler,
32137,Palm Coast,Flagler,
32138,Grandin,Putnam,
32139,Georgetown,Putnam,
32140,Florahome,Putnam,
32141,Edgewater,Volusia,
32142,Palm Coast,Flagler,
32143,Palm Coast,Flagler,
32145,Hastings,Saint Johns,
32147,Hollister,Putnam,
32148,Interlachen,Putnam,
32149,Interlachen,Putnam,
32157,Lake Como,Putnam,
32158,Lady Lake,Lake,
32159,Lady Lake,Lake,
32160,Lake Geneva,Clay,
32162,The Villages,Sumter,
32163,The Villages,Sumter,
32164,Palm Coast,Flagler,
32168,New Smyrna Beach,Volusia,
32169,New Smyrna Beach,Volusia,
32170,New Smyrna Beach,Volusia,
32173,Ormond Beach,Volusia,
32174,Ormond Beach,Volusia,
32175,Ormond Beach,Volusia,
32176,Ormond Beach,Volusia,
32177,Palatka,Putnam,
32178,Palatka,Putnam,
32179,Ocklawaha,Marion,
32180,Pierson,Volusia,
32181,Pomona Park,Putnam,
32182,Orange Springs,Marion,
32183,Ocklawaha,Marion,
32185,Putnam Hall,Putnam,
32187,San Mateo,Putnam,
32189,Satsuma,Putnam,
32190,Seville,Volusia,
32192,Sparr,Marion,
32193,Welaka,Putnam,
32195,Weirsdale,Marion,
32198,Daytona Beach,Volusia,
32201,Jacksonville,Duval,
32202,Jacksonville,Duval,
32203,Jacksonville,Duval,
32204,Jacksonville,Duval,
32205,Jacksonville,Duval,
32206,Jacksonville,Duval,
32207,Jacksonville,Duval,
32208,Jacksonville,Duval,
32209,Jacksonville,Duval,
32210,Jacksonville,Duval,
32211,Jacksonville,Duval,
32212,Jacksonville,Duval,
32214,Jacksonville,Duval,
32216,Jacksonville,Duval,
32217,Jacksonville,Duval,
32218,Jacksonville,Duval,
32219,Jacksonville,Duval,
32220,Jacksonville,Duval,
32221,Jacksonville,Duval,
32222,Jacksonville,Duval,
32223,Jacksonville,Duval,
32224,Jacksonville,Duval,
32225,Jacksonville,Duval,
32226,Jacksonville,Duval,
32227,Jacksonville,Duval,
32228,Jacksonville,Duval,
32229,Jacksonville,Duval,
32231,Jacksonville,Duval,
32232,Jacksonville,Duval,
32233,Atlantic Beach,Duval,
32234,Jacksonville,Duval,
32235,Jacksonville,Duval,
32236,Jacksonville,Duval,
32237,Jacksonville,Duval,
32238,Jacksonville,Duval,
32239,Jacksonville,Duval,
32240,Jacksonville Beach,Duval,
32241,Jacksonville,Duval,
32244,Jacksonville,Duval,
32245,Jacksonville,Duval,
32246,Jacksonville,Duval,
32247,Jacksonville,Duval,
32250,Jacksonville Beach,Duval,
32254,Jacksonville,Duval,
32255,Jacksonville,Duval,
32256,Jacksonville,Duval,
32257,Jacksonville,Duval,
32258,Jacksonville,Duval,
32259,Saint Johns,Saint Johns,
32260,Jacksonville,Saint Johns,
32266,Neptune Beach,Duval,
32277,Jacksonville,Duval,
32301,Tallahassee,Leon,
32302,Tallahassee,Leon,
32303,Tallahassee,Leon,
32304,Tallahassee,Leon,
32305,Tallahassee,Leon,
32306,Tallahassee,Leon,
32307,Tallahassee,Leon,
32308,Tallahassee,Leon,
32309,Tallahassee,Leon,
32310,Tallahassee,Leon,
32311,Tallahassee,Leon,
32312,Tallahassee,Leon,
32313,Tallahassee,Leon,
32314,Tallahassee,Leon,
32315,Tallahassee,Leon,
32316,Tallahassee,Leon,
32317,Tallahassee,Leon,
32318,Tallahassee,Leon,
32320,Apalachicola,Franklin,
32321,Bristol,Liberty,
32322,Carrabelle,Franklin,
32323,Lanark Village,Franklin,
32324,Chattahoochee,Gadsden,
32326,Crawfordville,Wakulla,
32327,Crawfordville,Wakulla,
32328,Eastpoint,Franklin,
32329,Apalachicola,Franklin,
32330,Greensboro,Gadsden,
32331,Greenville,Madison,
32332,Gretna,Gadsden,
32333,Havana,Gadsden,
32334,Hosford,Liberty,
32335,Sumatra,Liberty,
32336,Lamont,Jefferson,
32337,Lloyd,Jefferson,
32340,Madison,Madison,
32341,Madison,Madison,
32343,Midway,Gadsden,
32344,Monticello,Jefferson,
32345,Monticello,Jefferson,
32346,Panacea,Wakulla,
32347,Perry,Taylor,
32348,Perry,Taylor,
32350,Pinetta,Madison,
32351,Quincy,Gadsden,
32352,Quincy,Gadsden,
32353,Quincy,Gadsden,
32355,Saint Marks,Wakulla,
32356,Salem,Taylor,
32357,Shady Grove,Taylor,
32358,Sopchoppy,Wakulla,
32359,Steinhatchee,Taylor,
32360,Telogia,Liberty,
32361,Wacissa,Jefferson,
32362,Woodville,Leon,
32395,Tallahassee,Leon,
32399,Tallahassee,Leon,
32401,Panama City,Bay,
32402,Panama City,Bay,
32403,Panama City,Bay,
32404,Panama City,Bay,
32405,Panama City,Bay,
32406,Panama City,Bay,
32407,Panama City Beach,Bay,
32408,Panama City,Bay,
32409,Panama City,Bay,
32410,Mexico Beach,Bay,
32411,Panama City,Bay,
32412,Panama City,Bay,
32413,Panama City Beach,Bay,
32417,Panama City,Bay,
32420,Alford,Jackson,
32421,Altha,Calhoun,
32422,Argyle,Walton,
32423,Bascom,Jackson,
32424,Blountstown,Calhoun,
32425,Bonifay,Holmes,
32426,Campbellton,Jackson,
32427,Caryville,Washington,
32428,Chipley,Washington,
32430,Clarksville,Calhoun,
32431,Cottondale,Jackson,
32432,Cypress,Jackson,
32433,Defuniak Springs,Walton,
32434,Mossy Head,Walton,
32435,Defuniak Springs,Walton,
32437,Ebro,Washington,
32438,Fountain,Bay,
32439,Freeport,Walton,
32440,Graceville,Jackson,
32442,Grand Ridge,Jackson,
32443,Greenwood,Jackson,
32444,Lynn Haven,Bay,
32445,Malone,Jackson,
32446,Marianna,Jackson,
32447,Marianna,Jackson,
32448,Marianna,Jackson,
32449,Wewahitchka,Calhoun,
32452,Noma,Holmes,
32455,Ponce De Leon,Holmes,
32456,Port Saint Joe,Gulf,
32457,Port Saint Joe,Gulf,
32459,Santa Rosa Beach,Walton,
32460,Sneads,Jackson,
32461,Inlet Beach,Walton,
32462,Vernon,Washington,
32463,Wausau,Washington,
32464,Westville,Holmes,
32465,Wewahitchka,Gulf,
32466,Youngstown,Bay,
32501,Pensacola,Escambia,
32502,Pensacola,Escambia,
32503,Pensacola,Escambia,
32504,Pensacola,Escambia,
32505,Pensacola,Escambia,
32506,Pensacola,Escambia,
32507,Pensacola,Escambia,
32508,Pensacola,Escambia,
32509,Pensacola,Escambia,
32511,Pensacola,Escambia,
32512,Pensacola,Escambia,
32513,Pensacola,Escambia,
32514,Pensacola,Escambia,
32516,Pensacola,Escambia,
32520,Pensacola,Escambia,
32521,Pensacola,Escambia,
32522,Pensacola,Escambia,
32523,Pensacola,Escambia,
32524,Pensacola,Escambia,
32526,Pensacola,Escambia,
32530,Bagdad,Santa Rosa,
32531,Baker,Okaloosa,
32533,Cantonment,Escambia,
32534,Pensacola,Escambia,
32535,Century,Escambia,
32536,Crestview,Okaloosa,
32537,Milligan,Okaloosa,
32538,Paxton,Walton,
32539,Crestview,Okaloosa,
32540,Destin,Okaloosa,
32541,Destin,Okaloosa,
32542,Eglin AFB,Okaloosa,
32544,Hurlburt Field,Okaloosa,
32547,Fort Walton Beach,Okaloosa,
32548,Fort Walton Beach,Okaloosa,
32549,Fort Walton Beach,Okaloosa,
32550,Miramar Beach,Walton,
32559,Pensacola,Escambia,
32560,Gonzalez,Escambia,
32561,Gulf Breeze,Santa Rosa,
32562,Gulf Breeze,Santa Rosa,
32563,Gulf Breeze,Santa Rosa,
32564,Holt,Okaloosa,
32565,Jay,Santa Rosa,
32566,Navarre,Santa Rosa,
32567,Laurel Hill,Okaloosa,
32568,Mc David,Escambia,
32569,Mary Esther,Okaloosa,
32570,Milton,Santa Rosa,
32571,Milton,Santa Rosa,
32572,Milton,Santa Rosa,
32577,Molino,Escambia,
32578,Niceville,Okaloosa,
32579,Shalimar,Okaloosa,
32580,Valparaiso,Okaloosa,
32583,Milton,Santa Rosa,
32588,Niceville,Okaloosa,
32591,Pensacola,Escambia,
32601,Gainesville,Alachua,
32602,Gainesville,Alachua,
32603,Gainesville,Alachua,
32604,Gainesville,Alachua,
32605,Gainesville,Alachua,
32606,Gainesville,Alachua,
32607,Gainesville,Alachua,
32608,Gainesville,Alachua,
32609,Gainesville,Alachua,
32610,Gainesville,Alachua,
32611,Gainesville,Alachua,
32612,Gainesville,Alachua,
32614,Gainesville,Alachua,
32615,Alachua,Alachua,
32616,Alachua,Alachua,
32617,Anthony,Marion,
32618,Archer,Alachua,
32619,Bell,Gilchrist,
32621,Bronson,Levy,
32622,Brooker,Bradford,
32625,Cedar Key,Levy,
32626,Chiefland,Levy,
32627,Gainesville,Alachua,
32628,Cross City,Dixie,
32631,Earleton,Alachua,
32633,Evinston,Alachua,
32634,Fairfield,Marion,
32635,Gainesville,Alachua,
32639,Gulf Hammock,Levy,
32640,Hawthorne,Alachua,
32641,Gainesville,Alachua,
32643,High Springs,Alachua,
32644,Chiefland,Levy,
32648,Horseshoe Beach,Dixie,
32653,Gainesville,Alachua,
32654,Island Grove,Alachua,
32655,High Springs,Alachua,
32656,Keystone Heights,Clay,
32658,La Crosse,Alachua,
32662,Lochloosa,Alachua,
32663,Lowell,Marion,
32664,Mc Intosh,Marion,
32666,Melrose,Putnam,
32667,Micanopy,Alachua,
32668,Morriston,Levy,
32669,Newberry,Alachua,
32680,Old Town,Dixie,
32681,Orange Lake,Marion,
32683,Otter Creek,Levy,
32686,Reddick,Marion,
32692,Suwannee,Dixie,
32693,Trenton,Gilchrist,
32694,Waldo,Alachua,
32696,Williston,Levy,
32697,Worthington Springs,Union,
32701,Altamonte Springs,Seminole,
32702,Altoona,Lake,
32703,Apopka,Orange,
32704,Apopka,Orange,
32706,Cassadaga,Volusia,
32707,Casselberry,Seminole,
32708,Winter Springs,Seminole,
32709,Christmas,Orange,
32710,Clarcona,Orange,
32712,Apopka,Orange,
32713,Debary,Volusia,
32714,Altamonte Springs,Seminole,
32715,Altamonte Springs,Seminole,
32716,Altamonte Springs,Seminole,
32718,Casselberry,Seminole,
32719,Winter Springs,Seminole,
32720,Deland,Volusia,
32721,Deland,Volusia,
32722,Glenwood,Volusia,
32723,Deland,Volusia,
32724,Deland,Volusia,
32725,Deltona,Volusia,
32726,Eustis,Lake,
32727,Eustis,Lake,
32728,Deltona,Volusia,
32730,Casselberry,Seminole,
32732,Geneva,Seminole,
32733,Goldenrod,Seminole,
32735,Grand Island,Lake,
32736,Eustis,Lake,
32738,Deltona,Volusia,
32739,Deltona,Volusia,
32744,Lake Helen,Volusia,
32745,Mid Florida,Seminole,
32746,Lake Mary,Seminole,
32747,Lake Monroe,Seminole,
32750,Longwood,Seminole,
32751,Maitland,Orange,
32752,Longwood,Seminole,
32753,Debary,Volusia,
32754,Mims,Brevard,
32756,Mount Dora,Lake,
32757,Mount Dora,Lake,
32759,Oak Hill,Volusia,
32762,Oviedo,Seminole,
32763,Orange City,Volusia,
32764,Osteen,Volusia,
32765,Oviedo,Seminole,
32766,Oviedo,Seminole,
32767,Paisley,Lake,
32768,Plymouth,Orange,
32771,Sanford,Seminole,
32772,Sanford,Seminole,
32773,Sanford,Seminole,
32774,Orange City,Volusia,
32775,Scottsmoor,Brevard,
32776,Sorrento,Lake,
32777,Tangerine,Orange,
32778,Tavares,Lake,
32779,Longwood,Seminole,
32780,Titusville,Brevard,
32781,Titusville,Brevard,
32783,Titusville,Brevard,
32784,Umatilla,Lake,
32789,Winter Park,Orange,
32790,Winter Park,Orange,
32791,Longwood,Seminole,
32792,Winter Park,Orange,
32793,Winter Park,Orange,
32794,Maitland,Orange,
32795,Lake Mary,Seminole,
32796,Titusville,Brevard,
32798,Zellwood,Orange,
32799,Mid Florida,Seminole,
32801,Orlando,Orange,
32802,Orlando,Orange,
32803,Orlando,Orange,
32804,Orlando,Orange,
32805,Orlando,Orange,
32806,Orlando,Orange,
32807,Orlando,Orange,
32808,Orlando,Orange,
32809,Orlando,Orange,
32810,Orlando,Orange,
32811,Orlando,Orange,
32812,Orlando,Orange,
32814,Orlando,Orange,
32815,Orlando,Brevard,
32816,Orlando,Orange,
32817,Orlando,Orange,
32818,Orlando,Orange,
32819,Orlando,Orange,
32820,Orlando,Orange,
32821,Orlando,Orange,
32822,Orlando,Orange,
32824,Orlando,Orange,
32825,Orlando,Orange,
32826,Orlando,Orange,
32827,Orlando,Orange,
32828,Orlando,Orange,
32829,Orlando,Orange,
32830,Orlando,Orange,
32831,Orlando,Orange,
32832,Orlando,Orange,
32833,Orlando,Orange,
32834,Orlando,Orange,
32835,Orlando,Orange,
32836,Orlando,Orange,
32837,Orlando,Orange,
32839,Orlando,Orange,
32853,Orlando,Orange,
32854,Orlando,Orange,
32855,Orlando,Orange,
32856,Orlando,Orange,
32857,Orlando,Orange,
32858,Orlando,Orange,
32859,Orlando,Orange,
32860,Orlando,Orange,
32861,Orlando,Orange,
32862,Orlando,Orange,
32867,Orlando,Orange,
32868,Orlando,Orange,
32869,Orlando,Orange,
32872,Orlando,Orange,
32877,Orlando,Orange,
32878,Orlando,Orange,
32885,Orlando,Orange,
32886,Orlando,Orange,
32887,Orlando,Orange,
32891,Orlando,Orange,
32896,Orlando,Orange,
32897,Orlando,Orange,
32899,Orlando,Brevard,
32901,Melbourne,Brevard,
32902,Melbourne,Brevard,
32903,Indialantic,Brevard,
32904,Melbourne,Brevard,
32905,Palm Bay,Brevard,
32906,Palm Bay,Brevard,
32907,Palm Bay,Brevard,
32908,Palm Bay,Brevard,
32909,Palm Bay,Brevard,
32910,Palm Bay,Brevard,
32911,Palm Bay,Brevard,
32912,Melbourne,Brevard,
32919,Melbourne,Brevard,
32920,Cape Canaveral,Brevard,
32922,Cocoa,Brevard,
32923,Cocoa,Brevard,
32924,Cocoa,Brevard,
32925,Patrick AFB,Brevard,
32926,Cocoa,Brevard,
32927,Cocoa,Brevard,
32931,Cocoa Beach,Brevard,
32932,Cocoa Beach,Brevard,
32934,Melbourne,Brevard,
32935,Melbourne,Brevard,
32936,Melbourne,Brevard,
32937,Satellite Beach,Brevard,
32940,Melbourne,Brevard,
32941,Melbourne,Brevard,
32948,Fellsmere,Indian River,
32949,Grant,Brevard,
32950,Malabar,Brevard,
32951,Melbourne Beach,Brevard,
32952,Merritt Island,Brevard,
32953,Merritt Island,Brevard,
32954,Merritt Island,Brevard,
32955,Rockledge,Brevard,
32956,Rockledge,Brevard,
32957,Roseland,Indian River,
32958,Sebastian,Indian River,
32959,Sharpes,Brevard,
32960,Vero Beach,Indian River,
32961,Vero Beach,Indian River,
32962,Vero Beach,Indian River,
32963,Vero Beach,Indian River,
32964,Vero Beach,Indian River,
32965,Vero Beach,Indian River,
32966,Vero Beach,Indian River,
32967,Vero Beach,Indian River,
32968,Vero Beach,Indian River,
32969,Vero Beach,Indian River,
32970,Wabasso,Indian River,
32971,Winter Beach,Indian River,
32976,Sebastian,Brevard,
32978,Sebastian,Indian River,
33001,Long Key,Monroe,
33002,Hialeah,Miami-Dade,
33004,Dania,Broward,
33008,Hallandale,Broward,
33009,Hallandale,Broward,
33010,Hialeah,Miami-Dade,
33011,Hialeah,Miami-Dade,
33012,Hialeah,Miami-Dade,
33013,Hialeah,Miami-Dade,
33014,Hialeah,Miami-Dade,
33015,Hialeah,Miami-Dade,
33016,Hialeah,Miami-Dade,
33017,Hialeah,Miami-Dade,
33018,Hialeah,Miami-Dade,
33019,Hollywood,Broward,
33020,Hollywood,Broward,
33021,Hollywood,Broward,
33022,Hollywood,Broward,
33023,Hollywood,Broward,
33024,Hollywood,Broward,
33025,Hollywood,Broward,
33026,Hollywood,Broward,
33026,Pembroke Pines,Broward,
33027,Hollywood,Broward,
33028,Pembroke Pines,Broward,
33029,Hollywood,Broward,
33030,Homestead,Miami-Dade,
33031,Homestead,Miami-Dade,
33032,Homestead,Miami-Dade,
33033,Homestead,Miami-Dade,
33034,Homestead,Miami-Dade,
33035,Homestead,Miami-Dade,
33036,Islamorada,Monroe,
33037,Key Largo,Monroe,
33039,Homestead,Miami-Dade,
33040,Key West,Monroe,
33041,Key West,Monroe,
33042,Summerland Key,Monroe,
33043,Big Pine Key,Monroe,
33045,Key West,Monroe,
33050,Marathon,Monroe,
33051,Key Colony Beach,Monroe,
33052,Marathon Shores,Monroe,
33054,Opa Locka,Miami-Dade,
33055,Opa Locka,Miami-Dade,
33056,Miami Gardens,Miami-Dade,
33060,Pompano Beach,Broward,
33061,Pompano Beach,Broward,
33062,Pompano Beach,Broward,
33063,Pompano Beach,Broward,
33064,Pompano Beach,Broward,
33065,Coral Springs,Broward,
33066,Pompano Beach,Broward,
33067,Pompano Beach,Broward,
33068,Pompano Beach,Broward,
33069,Pompano Beach,Broward,
33070,Tavernier,Monroe,
33071,Coral Springs,Broward,
33072,Pompano Beach,Broward,
33073,Pompano Beach,Broward,
33074,Pompano Beach,Broward,
33075,Coral Springs,Broward,
33076,Pompano Beach,Broward,
33077,Pompano Beach,Broward,
33081,Hollywood,Broward,
33082,Pembroke Pines,Broward,
33083,Hollywood,Broward,
33084,Hollywood,Broward,
33090,Homestead,Miami-Dade,
33092,Homestead,Miami-Dade,
33093,Margate,Broward,
33097,Coconut Creek,Broward,
33101,Miami,Miami-Dade,
33102,Miami,Miami-Dade,
33106,Miami,Miami-Dade,
33109,Miami Beach,Miami-Dade,
33111,Miami,Miami-Dade,
33112,Miami,Miami-Dade,
33114,Coral Gables,Miami-Dade,
33116,Miami,Miami-Dade,
33119,Miami Beach,Miami-Dade,
33122,Miami,Miami-Dade,
33124,Miami,Miami-Dade,
33125,Miami,Miami-Dade,
33126,Miami,Miami-Dade,
33127,Miami,Miami-Dade,
33128,Miami,Miami-Dade,
33129,Miami,Miami-Dade,
33130,Miami,Miami-Dade,
33131,Miami,Miami-Dade,
33132,Miami,Miami-Dade,
33133,Miami,Miami-Dade,
33134,Miami,Miami-Dade,
33135,Miami,Miami-Dade,
33136,Miami,Miami-Dade,
33137,Miami,Miami-Dade,
33138,Miami,Miami-Dade,
33139,Miami Beach,Miami-Dade,
33140,Miami Beach,Miami-Dade,
33141,Miami Beach,Miami-Dade,
33142,Miami,Miami-Dade,
33143,Miami,Miami-Dade,
33144,Miami,Miami-Dade,
33145,Miami,Miami-Dade,
33146,Miami,Miami-Dade,
33147,Miami,Miami-Dade,
33149,Key Biscayne,Miami-Dade,
33150,Miami,Miami-Dade,
33151,Miami,Miami-Dade,
33152,Miami,Miami-Dade,
33153,Miami,Miami-Dade,
33154,Miami Beach,Miami-Dade,
33155,Miami,Miami-Dade,
33156,Miami,Miami-Dade,
33157,Miami,Miami-Dade,
33158,Miami,Miami-Dade,
33160,North Miami Beach,Miami-Dade,
33161,Miami,Miami-Dade,
33162,Miami,Miami-Dade,
33163,Miami,Miami-Dade,
33164,Miami,Miami-Dade,
33165,Miami,Miami-Dade,
33166,Miami,Miami-Dade,
33167,Miami,Miami-Dade,
33168,Miami,Miami-Dade,
33169,Miami,Miami-Dade,
33170,Miami,Miami-Dade,
33172,Miami,Miami-Dade,
33173,Miami,Miami-Dade,
33174,Miami,Miami-Dade,
33175,Miami,Miami-Dade,
33176,Miami,Miami-Dade,
33177,Miami,Miami-Dade,
33178,Miami,Miami-Dade,
33179,Miami,Miami-Dade,
33180,Miami,Miami-Dade,
33181,Miami,Miami-Dade,
33182,Miami,Miami-Dade,
33183,Miami,Miami-Dade,
33184,Miami,Miami-Dade,
33185,Miami,Miami-Dade,
33186,Miami,Miami-Dade,
33187,Miami,Miami-Dade,
33188,Miami,Miami-Dade,
33189,Miami,Miami-Dade,
33190,Miami,Miami-Dade,
33191,Miami,Miami-Dade,
33192,Miami,Miami-Dade,
33193,Miami,Miami-Dade,
33194,Miami,Miami-Dade,
33195,Miami,Miami-Dade,
33196,Miami,Miami-Dade,
33197,Miami,Miami-Dade,
33198,Miami,Miami-Dade,
33199,Miami,Miami-Dade,
33206,Miami,Miami-Dade,
33222,Miami,Miami-Dade,
33231,Miami,Miami-Dade,
33233,Miami,Miami-Dade,
33234,Miami,Miami-Dade,
33238,Miami,Miami-Dade,
33239,Miami Beach,Miami-Dade,
33242,Miami,Miami-Dade,
33243,Miami,Miami-Dade,
33245,Miami,Miami-Dade,
33247,Miami,Miami-Dade,
33255,Miami,Miami-Dade,
33256,Miami,Miami-Dade,
33257,Miami,Miami-Dade,
33261,Miami,Miami-Dade,
33265,Miami,Miami-Dade,
33266,Miami,Miami-Dade,
33269,Miami,Miami-Dade,
33280,Miami,Miami-Dade,
33283,Miami,Miami-Dade,
33296,Miami,Miami-Dade,
33299,Miami,Miami-Dade,
33301,Fort Lauderdale,Broward,
33302,Fort Lauderdale,Broward,
33303,Fort Lauderdale,Broward,
33304,Fort Lauderdale,Broward,
33305,Fort Lauderdale,Broward,
33306,Fort Lauderdale,Broward,
33307,Fort Lauderdale,Broward,
33308,Fort Lauderdale,Broward,
33309,Fort Lauderdale,Broward,
33310,Fort Lauderdale,Broward,
33311,Fort Lauderdale,Broward,
33312,Fort Lauderdale,Broward,
33313,Fort Lauderdale,Broward,
33314,Fort Lauderdale,Broward,
33315,Fort Lauderdale,Broward,
33316,Fort Lauderdale,Broward,
33317,Fort Lauderdale,Broward,
33318,Fort Lauderdale,Broward,
33319,Fort Lauderdale,Broward,
33320,Fort Lauderdale,Broward,
33321,Fort Lauderdale,Broward,
33322,Fort Lauderdale,Broward,
33323,Fort Lauderdale,Broward,
33324,Fort Lauderdale,Broward,
33325,Fort Lauderdale,Broward,
33326,Fort Lauderdale,Broward,
33327,Fort Lauderdale,Broward,
33328,Fort Lauderdale,Broward,
33329,Fort Lauderdale,Broward,
33330,Fort Lauderdale,Broward,
33331,Fort Lauderdale,Broward,
33332,Fort Lauderdale,Broward,
33334,Fort Lauderdale,Broward,
33335,Fort Lauderdale,Broward,
33336,Fort Lauderdale,Broward,
33337,Fort Lauderdale,Broward,
33338,Fort Lauderdale,Broward,
33339,Fort Lauderdale,Broward,
33340,Fort Lauderdale,Broward,
33345,Fort Lauderdale,Broward,
33346,Fort Lauderdale,Broward,
33348,Fort Lauderdale,Broward,
33349,Fort Lauderdale,Broward,
33351,Fort Lauderdale,Broward,
33355,Fort Lauderdale,Broward,
33359,Fort Lauderdale,Broward,
33388,Plantation,Broward,
33394,Fort Lauderdale,Broward,
33401,West Palm Beach,Palm Beach,
33402,West Palm Beach,Palm Beach,
33403,West Palm Beach,Palm Beach,
33404,West Palm Beach,Palm Beach,
33405,West Palm Beach,Palm Beach,
33406,West Palm Beach,Palm Beach,
33407,West Palm Beach,Palm Beach,
33408,North Palm Beach,Palm Beach,
33409,West Palm Beach,Palm Beach,
33410,Palm Beach Gardens,Palm Beach,
33411,Royal Palm Beach,Palm Beach,
33411,West Palm Beach,Palm Beach,
33412,West Palm Beach,Palm Beach,
33412,Royal Palm Beach,Palm Beach,
33413,West Palm Beach,Palm Beach,
33414,Royal Palm Beach,Palm Beach,
33414,Wellington,Palm Beach,
33415,West Palm Beach,Palm Beach,
33416,West Palm Beach,Palm Beach,
33417,West Palm Beach,Palm Beach,
33418,Palm Beach Gardens,Palm Beach,
33419,West Palm Beach,Palm Beach,
33420,West Palm Beach,Palm Beach,
33421,Royal Palm Beach,Palm Beach,
33422,West Palm Beach,Palm Beach,
33424,Boynton Beach,Palm Beach,
33425,Boynton Beach,Palm Beach,
33426,Boynton Beach,Palm Beach,
33427,Boca Raton,Palm Beach,
33428,Boca Raton,Palm Beach,
33429,Boca Raton,Palm Beach,
33430,Belle Glade,Palm Beach,
33431,Boca Raton,Palm Beach,
33432,Boca Raton,Palm Beach,
33433,Boca Raton,Palm Beach,
33434,Boca Raton,Palm Beach,
33435,Boynton Beach,Palm Beach,
33436,Boynton Beach,Palm Beach,
33437,Boynton Beach,Palm Beach,
33438,Canal Point,Palm Beach,
33440,Clewiston,Hendry,
33441,Deerfield Beach,Broward,
33442,Deerfield Beach,Broward,
33443,Deerfield Beach,Broward,
33444,Delray Beach,Palm Beach,
33445,Delray Beach,Palm Beach,
33446,Delray Beach,Palm Beach,
33448,Delray Beach,Palm Beach,
33449,Lake Worth,Palm Beach,
33454,Greenacres,Palm Beach,
33455,Hobe Sound,Martin,
33458,Jupiter,Palm Beach,
33459,Lake Harbor,Palm Beach,
33460,Lake Worth Beach,Palm Beach,
33461,Lake Worth,Palm Beach,
33462,Lake Worth,Palm Beach,
33463,Lake Worth,Palm Beach,
33464,Boca Raton,Palm Beach,
33465,Lake Worth,Palm Beach,
33466,Lake Worth,Palm Beach,
33467,Lake Worth,Palm Beach,
33468,Jupiter,Palm Beach,
33469,Jupiter,Palm Beach,
33470,Loxahatchee,Palm Beach,
33471,Moore Haven,Glades,
33472,Boynton Beach,Palm Beach,
33473,Boynton Beach,Palm Beach,
33474,Boynton Beach,Palm Beach,
33475,Hobe Sound,Martin,
33476,Pahokee,Palm Beach,
33477,Jupiter,Palm Beach,
33478,Jupiter,Palm Beach,
33480,Palm Beach,Palm Beach,
33481,Boca Raton,Palm Beach,
33482,Delray Beach,Palm Beach,
33483,Delray Beach,Palm Beach,
33484,Delray Beach,Palm Beach,
33486,Boca Raton,Palm Beach,
33487,Boca Raton,Palm Beach,
33488,Boca Raton,Palm Beach,
33493,South Bay,Palm Beach,
33496,Boca Raton,Palm Beach,
33497,Boca Raton,Palm Beach,
33498,Boca Raton,Palm Beach,
33499,Boca Raton,Palm Beach,
33503,Balm,Hillsborough,
33508,Brandon,Hillsborough,
33509,Brandon,Hillsborough,
33510,Brandon,Hillsborough,
33511,Brandon,Hillsborough,
33513,Bushnell,Sumter,
33514,Center Hill,Sumter,
33521,Coleman,Sumter,
33523,Dade City,Pasco,
33524,Crystal Springs,Pasco,
33525,Dade City,Pasco,
33526,Dade City,Pasco,
33527,Dover,Hillsborough,
33530,Durant,Hillsborough,
33534,Gibsonton,Hillsborough,
33537,Lacoochee,Pasco,
33538,Lake Panasoffkee,Sumter,
33539,Zephyrhills,Pasco,
33540,Zephyrhills,Pasco,
33541,Zephyrhills,Pasco,
33542,Zephyrhills,Pasco,
33543,Wesley Chapel,Pasco,
33544,Wesley Chapel,Pasco,
33545,Wesley Chapel,Pasco,
33547,Lithia,Hillsborough,
33548,Lutz,Hillsborough,
33549,Lutz,Hillsborough,
33550,Mango,Hillsborough,
33556,Odessa,Hillsborough,
33558,Lutz,Hillsborough,
33559,Lutz,Hillsborough,
33563,Plant City,Hillsborough,
33564,Plant City,Hillsborough,
33565,Plant City,Hillsborough,
33566,Plant City,Hillsborough,
33567,Plant City,Hillsborough,
33568,Riverview,Hillsborough,
33569,Riverview,Hillsborough,
33570,Ruskin,Hillsborough,
33571,Sun City Center,Hillsborough,
33572,Apollo Beach,Hillsborough,
33573,Sun City Center,Hillsborough,
33574,Saint Leo,Pasco,
33575,Ruskin,Hillsborough,
33576,San Antonio,Pasco,
33578,Riverview,Hillsborough,
33579,Riverview,Hillsborough,
33583,Seffner,Hillsborough,
33584,Seffner,Hillsborough,
33585,Sumterville,Sumter,
33586,Sun City,Hillsborough,
33587,Sydney,Hillsborough,
33592,Thonotosassa,Hillsborough,
33593,Trilby,Pasco,
33594,Valrico,Hillsborough,
33595,Valrico,Hillsborough,
33596,Valrico,Hillsborough,
33597,Webster,Sumter,
33598,Wimauma,Hillsborough,
33601,Tampa,Hillsborough,
33602,Tampa,Hillsborough,
33603,Tampa,Hillsborough,
33604,Tampa,Hillsborough,
33605,Tampa,Hillsborough,
33606,Tampa,Hillsborough,
33607,Tampa,Hillsborough,
33608,Tampa,Hillsborough,
33609,Tampa,Hillsborough,
33610,Tampa,Hillsborough,
33611,Tampa,Hillsborough,
33612,Tampa,Hillsborough,
33613,Tampa,Hillsborough,
33614,Tampa,Hillsborough,
33615,Tampa,Hillsborough,
33616,Tampa,Hillsborough,
33617,Tampa,Hillsborough,
33618,Tampa,Hillsborough,
33619,Tampa,Hillsborough,
33620,Tampa,Hillsborough,
33621,Tampa,Hillsborough,
33622,Tampa,Hillsborough,
33623,Tampa,Hillsborough,
33624,Tampa,Hillsborough,
33625,Tampa,Hillsborough,
33626,Tampa,Hillsborough,
33629,Tampa,Hillsborough,
33630,Tampa,Hillsborough,
33631,Tampa,Hillsborough,
33633,Tampa,Hillsborough,
33634,Tampa,Hillsborough,
33635,Tampa,Hillsborough,
33637,Tampa,Hillsborough,
33646,Tampa,Hillsborough,
33647,Tampa,Hillsborough,
33650,Tampa,Hillsborough,
33655,Tampa,Hillsborough,
33660,Tampa,Hillsborough,
33661,Tampa,Hillsborough,
33662,Tampa,Hillsborough,
33663,Tampa,Hillsborough,
33664,Tampa,Hillsborough,
33672,Tampa,Hillsborough,
33673,Tampa,Hillsborough,
33674,Tampa,Hillsborough,
33675,Tampa,Hillsborough,
33677,Tampa,Hillsborough,
33679,Tampa,Hillsborough,
33680,Tampa,Hillsborough,
33681,Tampa,Hillsborough,
33682,Tampa,Hillsborough,
33684,Tampa,Hillsborough,
33685,Tampa,Hillsborough,
33686,Tampa,Hillsborough,
33687,Tampa,Hillsborough,
33688,Tampa,Hillsborough,
33689,Tampa,Hillsborough,
33694,Tampa,Hillsborough,
33701,Saint Petersburg,Pinellas,
33702,Saint Petersburg,Pinellas,
33703,Saint Petersburg,Pinellas,
33704,Saint Petersburg,Pinellas,
33705,Saint Petersburg,Pinellas,
33706,Saint Petersburg,Pinellas,
33707,Saint Petersburg,Pinellas,
33708,Saint Petersburg,Pinellas,
33709,Saint Petersburg,Pinellas,
33710,Saint Petersburg,Pinellas,
33711,Saint Petersburg,Pinellas,
33712,Saint Petersburg,Pinellas,
33713,Saint Petersburg,Pinellas,
33714,Saint Petersburg,Pinellas,
33715,Saint Petersburg,Pinellas,
33716,Saint Petersburg,Pinellas,
33729,Saint Petersburg,Pinellas,
33730,Saint Petersburg,Pinellas,
33731,Saint Petersburg,Pinellas,
33732,Saint Petersburg,Pinellas,
33733,Saint Petersburg,Pinellas,
33734,Saint Petersburg,Pinellas,
33736,Saint Petersburg,Pinellas,
33738,Saint Petersburg,Pinellas,
33740,Saint Petersburg,Pinellas,
33741,Saint Petersburg,Pinellas,
33742,Saint Petersburg,Pinellas,
33743,Saint Petersburg,Pinellas,
33744,Bay Pines,Pinellas,
33747,Saint Petersburg,Pinellas,
33755,Clearwater,Pinellas,
33756,Clearwater,Pinellas,
33757,Clearwater,Pinellas,
33758,Clearwater,Pinellas,
33759,Clearwater,Pinellas,
33760,Clearwater,Pinellas,
33761,Clearwater,Pinellas,
33762,Clearwater,Pinellas,
33763,Clearwater,Pinellas,
33764,Clearwater,Pinellas,
33765,Clearwater,Pinellas,
33766,Clearwater,Pinellas,
33767,Clearwater Beach,Pinellas,
33769,Clearwater,Pinellas,
33770,Largo,Pinellas,
33771,Largo,Pinellas,
33772,Seminole,Pinellas,
33773,Largo,Pinellas,
33774,Largo,Pinellas,
33775,Seminole,Pinellas,
33776,Seminole,Pinellas,
33777,Seminole,Pinellas,
33778,Largo,Pinellas,
33779,Largo,Pinellas,
33780,Pinellas Park,Pinellas,
33781,Pinellas Park,Pinellas,
33782,Pinellas Park,Pinellas,
33784,Saint Petersburg,Pinellas,
33785,Indian Rocks Beach,Pinellas,
33786,Belleair Beach,Pinellas,
33801,Lakeland,Polk,
33802,Lakeland,Polk,
33803,Lakeland,Polk,
33804,Lakeland,Polk,
33805,Lakeland,Polk,
33806,Lakeland,Polk,
33807,Lakeland,Polk,
33809,Lakeland,Polk,
33810,Lakeland,Polk,
33811,Lakeland,Polk,
33812,Lakeland,Polk,
33813,Lakeland,Polk,
33815,Lakeland,Polk,
33820,Alturas,Polk,
33823,Auburndale,Polk,
33825,Avon Park,Highlands,
33826,Avon Park,Highlands,
33827,Babson Park,Polk,
33830,Bartow,Polk,
33831,Bartow,Polk,
33834,Bowling Green,Hardee,
33835,Bradley,Polk,
33836,Davenport,Polk,
33837,Davenport,Polk,
33838,Dundee,Polk,
33839,Eagle Lake,Polk,
33840,Eaton Park,Polk,
33841,Fort Meade,Polk,
33843,Frostproof,Polk,
33844,Haines City,Polk,
33845,Haines City,Polk,
33846,Highland City,Polk,
33847,Homeland,Polk,
33848,Intercession City,Osceola,
33849,Kathleen,Polk,
33850,Lake Alfred,Polk,
33851,Lake Hamilton,Polk,
33852,Lake Placid,Highlands,
33853,Lake Wales,Polk,
33854,Lakeshore,Polk,
33855,Indian Lake Estates,Polk,
33856,Nalcrest,Polk,
33857,Lorida,Highlands,
33858,Loughman,Polk,
33859,Lake Wales,Polk,
33860,Mulberry,Polk,
33862,Lake Placid,Highlands,
33863,Nichols,Polk,
33865,Ona,Hardee,
33867,River Ranch,Polk,
33868,Polk City,Polk,
33870,Sebring,Highlands,
33871,Sebring,Highlands,
33872,Sebring,Highlands,
33873,Wauchula,Hardee,
33875,Sebring,Highlands,
33876,Sebring,Highlands,
33877,Waverly,Polk,
33880,Winter Haven,Polk,
33881,Winter Haven,Polk,
33882,Winter Haven,Polk,
33883,Winter Haven,Polk,
33884,Winter Haven,Polk,
33885,Winter Haven,Polk,
33888,Winter Haven,Polk,
33890,Zolfo Springs,Hardee,
33896,Davenport,Polk,
33897,Davenport,Polk,
33898,Lake Wales,Polk,
33901,Fort Myers,Lee,
33902,Fort Myers,Lee,
33903,North Fort Myers,Lee,
33904,Cape Coral,Lee,
33905,Fort Myers,Lee,
33906,Fort Myers,Lee,
33907,Fort Myers,Lee,
33908,Fort Myers,Lee,
33909,Cape Coral,Lee,
33910,Cape Coral,Lee,
33911,Fort Myers,Lee,
33912,Fort Myers,Lee,
33913,Fort Myers,Lee,
33914,Cape Coral,Lee,
33915,Cape Coral,Lee,
33916,Fort Myers,Lee,
33917,North Fort Myers,Lee,
33918,North Fort Myers,Lee,
33919,Fort Myers,Lee,
33920,Alva,Lee,
33921,Boca Grande,Lee,
33922,Bokeelia,Lee,
33924,Captiva,Lee,
33927,El Jobean,Charlotte,
33928,Estero,Lee,
33929,Estero,Lee,
33930,Felda,Hendry,
33931,Fort Myers Beach,Lee,
33932,Fort Myers Beach,Lee,
33935,Labelle,Hendry,
33936,Lehigh Acres,Lee,
33938,Murdock,Charlotte,
33944,Palmdale,Glades,
33945,Pineland,Lee,
33946,Placida,Charlotte,
33947,Rotonda West,Charlotte,
33948,Port Charlotte,Charlotte,
33949,Port Charlotte,Charlotte,
33950,Punta Gorda,Charlotte,
33951,Punta Gorda,Charlotte,
33952,Port Charlotte,Charlotte,
33953,Port Charlotte,Charlotte,
33954,Port Charlotte,Charlotte,
33955,Punta Gorda,Charlotte,
33956,Saint James City,Lee,
33957,Sanibel,Lee,
33960,Venus,Highlands,
33965,Fort Myers,Lee,
33966,Fort Myers,Lee,
33967,Fort Myers,Lee,
33970,Lehigh Acres,Lee,
33971,Lehigh Acres,Lee,
33972,Lehigh Acres,Lee,
33973,Lehigh Acres,Lee,
33974,Lehigh Acres,Lee,
33975,Labelle,Hendry,
33976,Lehigh Acres,Lee,
33980,Punta Gorda,Charlotte,
33981,Port Charlotte,Charlotte,
33982,Punta Gorda,Charlotte,
33983,Punta Gorda,Charlotte,
33990,Cape Coral,Lee,
33991,Cape Coral,Lee,
33993,Cape Coral,Lee,
33994,Fort Myers,Lee,
34101,Naples,Collier,
34102,Naples,Collier,
34103,Naples,Collier,
34104,Naples,Collier,
34105,Naples,Collier,
34106,Naples,Collier,
34107,Naples,Collier,
34108,Naples,Collier,
34109,Naples,Collier,
34110,Naples,Collier,
34112,Naples,Collier,
34113,Naples,Collier,
34114,Naples,Collier,
34116,Naples,Collier,
34117,Naples,Collier,
34119,Naples,Collier,
34120,Naples,Collier,
34133,Bonita Springs,Lee,
34134,Bonita Springs,Lee,
34135,Bonita Springs,Lee,
34136,Bonita Springs,Lee,
34137,Copeland,Collier,
34138,Chokoloskee,Collier,
34139,Everglades City,Collier,
34140,Goodland,Collier,
34141,Ochopee,Collier,
34142,Immokalee,Collier,
34143,Immokalee,Collier,
34145,Marco Island,Collier,
34146,Marco Island,Collier,
34201,Bradenton,Manatee,
34202,Bradenton,Manatee,
34203,Bradenton,Manatee,
34204,Bradenton,Manatee,
34205,Bradenton,Manatee,
34206,Bradenton,Manatee,
34207,Bradenton,Manatee,
34208,Bradenton,Manatee,
34209,Bradenton,Manatee,
34210,Bradenton,Manatee,
34211,Bradenton,Manatee,
34212,Bradenton,Manatee,
34215,Cortez,Manatee,
34216,Anna Maria,Manatee,
34217,Bradenton Beach,Manatee,
34218,Holmes Beach,Manatee,
34219,Parrish,Manatee,
34220,Palmetto,Manatee,
34221,Palmetto,Manatee,
34222,Ellenton,Manatee,
34223,Englewood,Sarasota,
34224,Englewood,Charlotte,
34228,Longboat Key,Manatee,
34229,Osprey,Sarasota,
34230,Sarasota,Sarasota,
34231,Sarasota,Sarasota,
34232,Sarasota,Sarasota,
34233,Sarasota,Sarasota,
34234,Sarasota,Sarasota,
34235,Sarasota,Sarasota,
34236,Sarasota,Sarasota,
34237,Sarasota,Sarasota,
34238,Sarasota,Sarasota,
34239,Sarasota,Sarasota,
34240,Sarasota,Sarasota,
34241,Sarasota,Sarasota,
34242,Sarasota,Sarasota,
34243,Sarasota,Manatee,
34249,Sarasota,Sarasota,
34250,Terra Ceia,Manatee,
34251,Myakka City,Manatee,
34260,Sarasota,Manatee,
34264,Oneco,Manatee,
34265,Arcadia,Desoto,
34266,Arcadia,Desoto,
34267,Fort Ogden,Desoto,
34268,Nocatee,Desoto,
34269,Arcadia,Desoto,
34270,Tallevast,Manatee,
34272,Laurel,Sarasota,
34274,Nokomis,Sarasota,
34275,Nokomis,Sarasota,
34276,Sarasota,Sarasota,
34277,Sarasota,Sarasota,
34278,Sarasota,Sarasota,
34280,Bradenton,Manatee,
34281,Bradenton,Manatee,
34282,Bradenton,Manatee,
34284,Venice,Sarasota,
34285,Venice,Sarasota,
34286,North Port,Sarasota,
34287,North Port,Sarasota,
34288,North Port,Sarasota,
34289,North Port,Sarasota,
34290,North Port,Sarasota,
34291,North Port,Sarasota,
34292,Venice,Sarasota,
34293,Venice,Sarasota,
34295,Englewood,Sarasota,
34420,Belleview,Marion,
34421,Belleview,Marion,
34423,Crystal River,Citrus,
34428,Crystal River,Citrus,
34429,Crystal River,Citrus,
34430,Dunnellon,Marion,
34431,Dunnellon,Marion,
34432,Dunnellon,Marion,
34433,Dunnellon,Citrus,
34434,Dunnellon,Citrus,
34436,Floral City,Citrus,
34441,Hernando,Citrus,
34442,Hernando,Citrus,
34445,Holder,Citrus,
34446,Homosassa,Citrus,
34447,Homosassa Springs,Citrus,
34448,Homosassa,Citrus,
34449,Inglis,Levy,
34450,Inverness,Citrus,
34451,Inverness,Citrus,
34452,Inverness,Citrus,
34453,Inverness,Citrus,
34460,Lecanto,Citrus,
34461,Lecanto,Citrus,
34464,Beverly Hills,Citrus,
34465,Beverly Hills,Citrus,
34470,Ocala,Marion,
34471,Ocala,Marion,
34472,Ocala,Marion,
34473,Ocala,Marion,
34474,Ocala,Marion,
34475,Ocala,Marion,
34476,Ocala,Marion,
34477,Ocala,Marion,
34478,Ocala,Marion,
34479,Ocala,Marion,
34480,Ocala,Marion,
34481,Ocala,Marion,
34482,Ocala,Marion,
34483,Ocala,Marion,
34484,Oxford,Sumter,
34487,Homosassa,Citrus,
34488,Silver Springs,Marion,
34489,Silver Springs,Marion,
34491,Summerfield,Marion,
34492,Summerfield,Marion,
34498,Yankeetown,Levy,
34601,Brooksville,Hernando,
34602,Brooksville,Hernando,
34603,Brooksville,Hernando,
34604,Brooksville,Hernando,
34605,Brooksville,Hernando,
34606,Spring Hill,Hernando,
34607,Spring Hill,Hernando,
34608,Spring Hill,Hernando,
34609,Spring Hill,Hernando,
34610,Spring Hill,Pasco,
34611,Spring Hill,Hernando,
34613,Brooksville,Hernando,
34614,Brooksville,Hernando,
34636,Istachatta,Hernando,
34637,Land O Lakes,Pasco,
34638,Land O Lakes,Pasco,
34639,Land O Lakes,Pasco,
34652,New Port Richey,Pasco,
34653,New Port Richey,Pasco,
34654,New Port Richey,Pasco,
34655,New Port Richey,Pasco,
34656,New Port Richey,Pasco,
34660,Ozona,Pinellas,
34661,Nobleton,Hernando,
34667,Hudson,Pasco,
34668,Port Richey,Pasco,
34669,Hudson,Pasco,
34673,Port Richey,Pasco,
34674,Hudson,Pasco,
34677,Oldsmar,Pinellas,
34679,Aripeka,Pasco,
34680,Elfers,Pasco,
34681,Crystal Beach,Pinellas,
34682,Palm Harbor,Pinellas,
34683,Palm Harbor,Pinellas,
34684,Palm Harbor,Pinellas,
34685,Palm Harbor,Pinellas,
34688,Tarpon Springs,Pinellas,
34689,Tarpon Springs,Pinellas,
34690,Holiday,Pasco,
34691,Holiday,Pasco,
34692,Holiday,Pasco,
34695,Safety Harbor,Pinellas,
34697,Dunedin,Pinellas,
34698,Dunedin,Pinellas,
34705,Astatula,Lake,
34711,Clermont,Lake,
34712,Clermont,Lake,
34713,Clermont,Lake,
34714,Clermont,Lake,
34715,Clermont,Lake,
34729,Ferndale,Lake,
34731,Fruitland Park,Lake,
34734,Gotha,Orange,
34736,Groveland,Lake,
34737,Howey In The Hills,Lake,
34739,Kenansville,Osceola,
34740,Killarney,Orange,
34741,Kissimmee,Osceola,
34742,Kissimmee,Osceola,
34743,Kissimmee,Osceola,
34744,Kissimmee,Osceola,
34745,Kissimmee,Osceola,
34746,Kissimmee,Osceola,
34747,Kissimmee,Osceola,
34748,Leesburg,Lake,
34749,Leesburg,Lake,
34753,Mascotte,Lake,
34755,Minneola,Lake,
34756,Montverde,Lake,
34758,Kissimmee,Osceola,
34759,Kissimmee,Polk,
34760,Oakland,Orange,
34761,Ocoee,Orange,
34762,Okahumpka,Lake,
34769,Saint Cloud,Osceola,
34770,Saint Cloud,Osceola,
34771,Saint Cloud,Osceola,
34772,Saint Cloud,Osceola,
34773,Saint Cloud,Osceola,
34777,Winter Garden,Orange,
34778,Winter Garden,Orange,
34785,Wildwood,Sumter,
34786,Windermere,Orange,
34787,Winter Garden,Orange,
34788,Leesburg,Lake,
34789,Leesburg,Lake,
34797,Yalaha,Lake,
34945,Fort Pierce,Saint Lucie,
34946,Fort Pierce,Saint Lucie,
34947,Fort Pierce,Saint Lucie,
34948,Fort Pierce,Saint Lucie,
34949,Fort Pierce,Saint Lucie,
34950,Fort Pierce,Saint Lucie,
34951,Fort Pierce,Saint Lucie,
34952,Port Saint Lucie,Saint Lucie,
34953,Port Saint Lucie,Saint Lucie,
34954,Fort Pierce,Saint Lucie,
34956,Indiantown,Martin,
34957,Jensen Beach,Martin,
34958,Jensen Beach,Martin,
34972,Okeechobee,Okeechobee,
34973,Okeechobee,Okeechobee,
34974,Okeechobee,Okeechobee,
34979,Fort Pierce,Saint Lucie,
34981,Fort Pierce,Saint Lucie,
34982,Fort Pierce,Saint Lucie,
34983,Port Saint Lucie,Saint Lucie,
34984,Port Saint Lucie,Saint Lucie,
34985,Port Saint Lucie,Saint Lucie,
34986,Port Saint Lucie,Saint Lucie,
34987,Port Saint Lucie,Saint Lucie,
34988,Port Saint Lucie,Saint Lucie,
34990,Palm City,Martin,
34991,Palm City,Martin,
34992,Port Salerno,Martin,
34994,Stuart,Martin,
34995,Stuart,Martin,
34996,Stuart,Martin,
34997,Stuart,Martin,
