43001,Alexandria,Licking,
43002,Amlin,Franklin,
43003,Ashley,Delaware,
43004,Blacklick,Franklin,
43005,Bladensburg,Knox,
43006,Brinkhaven,Knox,
43007,Broadway,Union,
43008,Buckeye Lake,Licking,
43009,Cable,Champaign,
43010,Catawba,Clark,
43011,Centerburg,Knox,
43013,Croton,Licking,
43014,Danville,Knox,
43015,Delaware,Delaware,
43016,Dublin,Franklin,
43017,Dublin,Franklin,
43018,Etna,Licking,
43019,Fredericktown,Knox,
43021,Galena,Delaware,
43022,Gambier,Knox,
43023,Granville,Licking,
43025,Hebron,Licking,
43026,Hilliard,Franklin,
43027,Homer,Licking,
43028,Howard,Knox,
43029,Irwin,Union,
43030,Jacksontown,Licking,
43031,Johnstown,Licking,
43032,Kilbourne,Delaware,
43033,Kirkersville,Licking,
43035,Lewis Center,Delaware,
43036,Magnetic Springs,Union,
43037,Martinsburg,Knox,
43040,Marysville,Union,
43041,Marysville,Union,
43044,Mechanicsburg,Champaign,
43045,Milford Center,Union,
43046,Millersport,Fairfield,
43047,Mingo,Champaign,
43048,Mount Liberty,Knox,
43050,Mount Vernon,Knox,
43054,New Albany,Franklin,
43055,Newark,Licking,
43056,Heath,Licking,
43058,Newark,Licking,
43060,North Lewisburg,Champaign,
43061,Ostrander,Delaware,
43062,Pataskala,Licking,
43064,Plain City,Madison,
43065,Powell,Delaware,
43066,Radnor,Delaware,
43067,Raymond,Union,
43068,Reynoldsburg,Franklin,
43069,Reynoldsburg,Franklin,
43070,Rosewood,Champaign,
43071,Saint Louisville,Licking,
43072,Saint Paris,Champaign,
43073,Summit Station,Licking,
43074,Sunbury,Delaware,
43076,Thornville,Perry,
43077,Unionville Center,Union,
43078,Urbana,Champaign,
43080,Utica,Licking,
43081,Westerville,Franklin,
43082,Westerville,Delaware,
43083,Westville,Champaign,
43084,Woodstock,Champaign,
43085,Columbus,Franklin,
43086,Westerville,Franklin,
43093,Newark,Licking,
43101,Adelphi,Ross,
43102,Amanda,Fairfield,
43103,Ashville,Pickaway,
43105,Baltimore,Fairfield,
43106,Bloomingburg,Fayette,
43107,Bremen,Fairfield,
43107,Hideaway Hls,Fairfield,
43109,Brice,Franklin,
43110,Canal Winchester,Franklin,
43111,Carbon Hill,Hocking,
43112,Carroll,Fairfield,
43113,Circleville,Pickaway,
43115,Clarksburg,Ross,
43116,Commercial Point,Pickaway,
43117,Derby,Pickaway,
43119,Galloway,Franklin,
43123,Grove City,Franklin,
43125,Groveport,Franklin,
43126,Harrisburg,Franklin,
43127,Haydenville,Hocking,
43128,Jeffersonville,Fayette,
43130,Lancaster,Fairfield,
43135,Laurelville,Hocking,
43136,Lithopolis,Fairfield,
43137,Lockbourne,Franklin,
43138,Logan,Hocking,
43140,London,Madison,
43142,Milledgeville,Fayette,
43143,Mount Sterling,Madison,
43144,Murray City,Hocking,
43145,New Holland,Pickaway,
43146,Orient,Pickaway,
43147,Pickerington,Fairfield,
43148,Pleasantville,Fairfield,
43149,Rockbridge,Hocking,
43150,Rushville,Fairfield,
43151,Sedalia,Madison,
43152,South Bloomingville,Hocking,
43153,South Solon,Madison,
43154,Stoutsville,Fairfield,
43155,Sugar Grove,Fairfield,
43156,Tarlton,Pickaway,
43157,Thurston,Fairfield,
43158,Union Furnace,Hocking,
43160,Washington Court House,Fayette,
43162,West Jefferson,Madison,
43164,Williamsport,Pickaway,
43194,Lockbourne,Franklin,
43195,Groveport,Franklin,
43199,Groveport,Franklin,
43201,Columbus,Franklin,
43202,Columbus,Franklin,
43203,Columbus,Franklin,
43204,Columbus,Franklin,
43205,Columbus,Franklin,
43206,Columbus,Franklin,
43207,Columbus,Franklin,
43209,Columbus,Franklin,
43210,Columbus,Franklin,
43211,Columbus,Franklin,
43212,Columbus,Franklin,
43213,Columbus,Franklin,
43214,Columbus,Franklin,
43215,Columbus,Franklin,
43216,Columbus,Franklin,
43217,Columbus,Franklin,
43218,Columbus,Franklin,
43219,Columbus,Franklin,
43220,Columbus,Franklin,
43221,Columbus,Franklin,
43222,Columbus,Franklin,
43223,Columbus,Franklin,
43224,Columbus,Franklin,
43226,Columbus,Franklin,
43227,Columbus,Franklin,
43228,Columbus,Franklin,
43229,Columbus,Franklin,
43230,Columbus,Franklin,
43231,Columbus,Franklin,
43232,Columbus,Franklin,
43234,Columbus,Franklin,
43235,Columbus,Franklin,
43236,Columbus,Franklin,
43240,Columbus,Delaware,
43251,Columbus,Franklin,
43260,Columbus,Franklin,
43266,Columbus,Franklin,
43268,Columbus,Franklin,
43270,Columbus,Franklin,
43271,Columbus,Franklin,
43272,Columbus,Franklin,
43279,Columbus,Franklin,
43287,Columbus,Franklin,
43291,Columbus,Franklin,
43301,Marion,Marion,
43302,Marion,Marion,
43310,Belle Center,Logan,
43311,Bellefontaine,Logan,
43314,Caledonia,Marion,
43315,Cardington,Morrow,
43316,Carey,Wyandot,
43317,Chesterville,Morrow,
43318,De Graff,Logan,
43319,East Liberty,Logan,
43320,Edison,Morrow,
43321,Fulton,Morrow,
43322,Green Camp,Marion,
43323,Harpster,Wyandot,
43324,Huntsville,Logan,
43325,Iberia,Morrow,
43326,Kenton,Hardin,
43330,Kirby,Wyandot,
43331,Lakeview,Logan,
43332,La Rue,Marion,
43333,Lewistown,Logan,
43334,Marengo,Morrow,
43335,Martel,Marion,
43336,Middleburg,Logan,
43337,Morral,Marion,
43338,Mount Gilead,Morrow,
43340,Mount Victory,Hardin,
43341,New Bloomington,Marion,
43342,Prospect,Marion,
43343,Quincy,Logan,
43344,Richwood,Union,
43345,Ridgeway,Hardin,
43346,Roundhead,Hardin,
43347,Rushsylvania,Logan,
43348,Russells Point,Logan,
43349,Shauck,Morrow,
43350,Sparta,Morrow,
43351,Upper Sandusky,Wyandot,
43356,Waldo,Marion,
43357,West Liberty,Logan,
43358,West Mansfield,Logan,
43359,Wharton,Wyandot,
43360,Zanesfield,Logan,
43402,Bowling Green,Wood,
43403,Bowling Green,Wood,
43406,Bradner,Wood,
43407,Burgoon,Sandusky,
43408,Clay Center,Ottawa,
43410,Clyde,Sandusky,
43412,Curtice,Ottawa,
43413,Cygnet,Wood,
43414,Dunbridge,Wood,
43416,Elmore,Ottawa,
43420,Fremont,Sandusky,
43430,Genoa,Ottawa,
43431,Gibsonburg,Sandusky,
43432,Graytown,Ottawa,
43433,Gypsum,Ottawa,
43434,Harbor View,Lucas,
43435,Helena,Sandusky,
43436,Isle Saint George,Ottawa,
43437,Jerry City,Wood,
43438,Kelleys Island,Erie,
43439,Lacarne,Ottawa,
43440,Lakeside Marblehead,Ottawa,
43441,Lemoyne,Wood,
43442,Lindsey,Sandusky,
43443,Luckey,Wood,
43445,Martin,Ottawa,
43446,Middle Bass,Ottawa,
43447,Millbury,Wood,
43449,Oak Harbor,Ottawa,
43450,Pemberville,Wood,
43451,Portage,Wood,
43452,Port Clinton,Ottawa,
43456,Put In Bay,Ottawa,
43457,Risingsun,Wood,
43458,Rocky Ridge,Ottawa,
43460,Rossford,Wood,
43462,Rudolph,Wood,
43463,Stony Ridge,Wood,
43464,Vickery,Sandusky,
43465,Walbridge,Wood,
43466,Wayne,Wood,
43467,West Millgrove,Wood,
43468,Williston,Ottawa,
43469,Woodville,Sandusky,
43501,Alvordton,Williams,
43502,Archbold,Fulton,
43504,Berkey,Lucas,
43505,Blakeslee,Williams,
43506,Bryan,Williams,
43510,Colton,Henry,
43511,Custar,Wood,
43512,Defiance,Defiance,
43515,Delta,Fulton,
43516,Deshler,Henry,
43517,Edgerton,Williams,
43518,Edon,Williams,
43519,Evansport,Defiance,
43520,Farmer,Defiance,
43521,Fayette,Fulton,
43522,Grand Rapids,Wood,
43523,Grelton,Henry,
43524,Hamler,Henry,
43525,Haskins,Wood,
43526,Hicksville,Defiance,
43527,Holgate,Henry,
43528,Holland,Lucas,
43529,Hoytville,Wood,
43530,Jewell,Defiance,
43531,Kunkle,Williams,
43532,Liberty Center,Henry,
43533,Lyons,Fulton,
43534,Mc Clure,Henry,
43535,Malinta,Henry,
43536,Mark Center,Defiance,
43537,Maumee,Lucas,
43540,Metamora,Fulton,
43541,Milton Center,Wood,
43542,Monclova,Lucas,
43543,Montpelier,Williams,
43545,Napoleon,Henry,
43547,Neapolis,Lucas,
43548,New Bavaria,Henry,
43549,Ney,Defiance,
43550,Okolona,Henry,
43551,Perrysburg,Wood,
43552,Perrysburg,Wood,
43553,Pettisville,Fulton,
43554,Pioneer,Williams,
43555,Ridgeville Corners,Henry,
43556,Sherwood,Defiance,
43557,Stryker,Williams,
43558,Swanton,Fulton,
43560,Sylvania,Lucas,
43565,Tontogany,Wood,
43566,Waterville,Lucas,
43567,Wauseon,Fulton,
43569,Weston,Wood,
43570,West Unity,Williams,
43571,Whitehouse,Lucas,
43601,Toledo,Lucas,
43603,Toledo,Lucas,
43604,Toledo,Lucas,
43605,Toledo,Lucas,
43606,Toledo,Lucas,
43607,Toledo,Lucas,
43608,Toledo,Lucas,
43609,Toledo,Lucas,
43610,Toledo,Lucas,
43611,Toledo,Lucas,
43612,Toledo,Lucas,
43613,Toledo,Lucas,
43614,Toledo,Lucas,
43615,Toledo,Lucas,
43616,Oregon,Lucas,
43617,Toledo,Lucas,
43619,Northwood,Wood,
43620,Toledo,Lucas,
43623,Toledo,Lucas,
43635,Toledo,Lucas,
43652,Toledo,Lucas,
43654,Toledo,Wood,
43656,Toledo,Lucas,
43657,Toledo,Lucas,
43659,Toledo,Lucas,
43660,Toledo,Lucas,
43661,Toledo,Lucas,
43666,Toledo,Lucas,
43667,Toledo,Lucas,
43681,Toledo,Lucas,
43682,Toledo,Lucas,
43697,Toledo,Lucas,
43699,Toledo,Lucas,
43701,Zanesville,Muskingum,
43702,Zanesville,Muskingum,
43711,Ava,Noble,
43713,Barnesville,Belmont,
43716,Beallsville,Monroe,
43717,Belle Valley,Noble,
43718,Belmont,Belmont,
43719,Bethesda,Belmont,
43720,Blue Rock,Muskingum,
43721,Brownsville,Licking,
43722,Buffalo,Guernsey,
43723,Byesville,Guernsey,
43724,Caldwell,Noble,
43725,Cambridge,Guernsey,
43727,Chandlersville,Muskingum,
43728,Chesterhill,Morgan,
43730,Corning,Perry,
43731,Crooksville,Perry,
43732,Cumberland,Guernsey,
43733,Derwent,Guernsey,
43734,Duncan Falls,Muskingum,
43735,East Fultonham,Muskingum,
43736,Fairview,Guernsey,
43738,Fultonham,Muskingum,
43739,Glenford,Perry,
43740,Gratiot,Licking,
43746,Hopewell,Muskingum,
43747,Jerusalem,Monroe,
43748,Junction City,Perry,
43749,Kimbolton,Guernsey,
43750,Kipling,Guernsey,
43752,Laings,Monroe,
43754,Lewisville,Monroe,
43755,Lore City,Guernsey,
43756,Mcconnelsville,Morgan,
43757,Malaga,Monroe,
43758,Malta,Morgan,
43759,Morristown,Belmont,
43760,Mount Perry,Perry,
43761,Moxahala,Perry,
43762,New Concord,Muskingum,
43764,New Lexington,Perry,
43766,New Straitsville,Perry,
43767,Norwich,Muskingum,
43768,Old Washington,Guernsey,
43771,Philo,Muskingum,
43772,Pleasant City,Guernsey,
43773,Quaker City,Guernsey,
43777,Roseville,Muskingum,
43778,Salesville,Guernsey,
43779,Sarahsville,Noble,
43780,Senecaville,Guernsey,
43782,Shawnee,Perry,
43783,Somerset,Perry,
43786,Stafford,Monroe,
43787,Stockport,Morgan,
43788,Summerfield,Noble,
43791,White Cottage,Muskingum,
43793,Woodsfield,Monroe,
43802,Adamsville,Muskingum,
43803,Bakersville,Coshocton,
43804,Baltic,Tuscarawas,
43805,Blissfield,Coshocton,
43811,Conesville,Coshocton,
43812,Coshocton,Coshocton,
43821,Dresden,Muskingum,
43822,Frazeysburg,Muskingum,
43824,Fresno,Coshocton,
43828,Keene,Coshocton,
43830,Nashport,Muskingum,
43832,Newcomerstown,Tuscarawas,
43836,Plainfield,Coshocton,
43837,Port Washington,Tuscarawas,
43840,Stone Creek,Tuscarawas,
43842,Trinway,Muskingum,
43843,Walhonding,Coshocton,
43844,Warsaw,Coshocton,
43845,West Lafayette,Coshocton,
43901,Adena,Jefferson,
43902,Alledonia,Belmont,
43903,Amsterdam,Jefferson,
43905,Barton,Belmont,
43906,Bellaire,Belmont,
43907,Cadiz,Harrison,
43908,Bergholz,Jefferson,
43909,Blaine,Belmont,
43910,Bloomingdale,Jefferson,
43912,Bridgeport,Belmont,
43913,Brilliant,Jefferson,
43914,Cameron,Monroe,
43915,Clarington,Monroe,
43916,Colerain,Belmont,
43917,Dillonvale,Jefferson,
43920,East Liverpool,Columbiana,
43925,East Springfield,Jefferson,
43926,Empire,Jefferson,
43927,Fairpoint,Belmont,
43928,Glencoe,Belmont,
43930,Hammondsville,Jefferson,
43931,Hannibal,Monroe,
43932,Irondale,Jefferson,
43933,Jacobsburg,Belmont,
43934,Lansing,Belmont,
43935,Martins Ferry,Belmont,
43937,Maynard,Belmont,
43938,Mingo Junction,Jefferson,
43939,Mount Pleasant,Jefferson,
43940,Neffs,Belmont,
43941,Piney Fork,Jefferson,
43942,Powhatan Point,Belmont,
43943,Rayland,Jefferson,
43944,Richmond,Jefferson,
43945,Salineville,Columbiana,
43946,Sardis,Monroe,
43947,Shadyside,Belmont,
43948,Smithfield,Jefferson,
43950,Saint Clairsville,Belmont,
43951,Lafferty,Belmont,
43952,Steubenville,Jefferson,
43953,Steubenville,Jefferson,
43961,Stratton,Jefferson,
43962,Summitville,Columbiana,
43963,Tiltonsville,Jefferson,
43964,Toronto,Jefferson,
43967,Warnock,Belmont,
43968,Wellsville,Columbiana,
43970,Wolf Run,Jefferson,
43971,Yorkville,Jefferson,
43972,Bannock,Belmont,
43973,Freeport,Harrison,
43974,Harrisville,Harrison,
43976,Hopedale,Harrison,
43977,Flushing,Belmont,
43981,New Athens,Harrison,
43983,Piedmont,Belmont,
43984,New Rumley,Harrison,
43985,Holloway,Belmont,
43986,Jewett,Harrison,
43988,Scio,Harrison,
44001,Amherst,Lorain,
44003,Andover,Ashtabula,
44004,Ashtabula,Ashtabula,
44005,Ashtabula,Ashtabula,
44010,Austinburg,Ashtabula,
44011,Avon,Lorain,
44012,Avon Lake,Lorain,
44017,Berea,Cuyahoga,
44021,Burton,Geauga,
44022,Chagrin Falls,Cuyahoga,
44023,Chagrin Falls,Geauga,
44024,Chardon,Geauga,
44026,Chesterland,Geauga,
44028,Columbia Station,Lorain,
44030,Conneaut,Ashtabula,
44032,Dorset,Ashtabula,
44033,East Claridon,Geauga,
44035,Elyria,Lorain,
44036,Elyria,Lorain,
44039,North Ridgeville,Lorain,
44040,Gates Mills,Cuyahoga,
44041,Geneva,Ashtabula,
44044,Grafton,Lorain,
44045,Grand River,Lake,
44046,Huntsburg,Geauga,
44047,Jefferson,Ashtabula,
44048,Kingsville,Ashtabula,
44049,Kipton,Lorain,
44050,Lagrange,Lorain,
44052,Lorain,Lorain,
44053,Lorain,Lorain,
44054,Sheffield Lake,Lorain,
44055,Lorain,Lorain,
44056,Macedonia,Summit,
44057,Madison,Lake,
44060,Mentor,Lake,
44061,Mentor,Lake,
44062,Middlefield,Geauga,
44064,Montville,Geauga,
44065,Newbury,Geauga,
44067,Northfield,Summit,
44068,North Kingsville,Ashtabula,
44070,North Olmsted,Cuyahoga,
44072,Novelty,Geauga,
44073,Novelty,Geauga,
44074,Oberlin,Lorain,
44076,Orwell,Ashtabula,
44077,Painesville,Lake,
44080,Parkman,Geauga,
44081,Perry,Lake,
44082,Pierpont,Ashtabula,
44084,Rock Creek,Ashtabula,
44085,Rome,Ashtabula,
44086,Thompson,Geauga,
44087,Twinsburg,Summit,
44088,Unionville,Ashtabula,
44089,Vermilion,Erie,
44090,Wellington,Lorain,
44092,Wickliffe,Lake,
44093,Williamsfield,Ashtabula,
44094,Willoughby,Lake,
44095,Eastlake,Lake,
44096,Willoughby,Lake,
44097,Eastlake,Lake,
44099,Windsor,Ashtabula,
44101,Cleveland,Cuyahoga,
44102,Cleveland,Cuyahoga,
44103,Cleveland,Cuyahoga,
44104,Cleveland,Cuyahoga,
44105,Cleveland,Cuyahoga,
44106,Cleveland,Cuyahoga,
44107,Lakewood,Cuyahoga,
44108,Cleveland,Cuyahoga,
44109,Cleveland,Cuyahoga,
44110,Cleveland,Cuyahoga,
44111,Cleveland,Cuyahoga,
44112,Cleveland,Cuyahoga,
44113,Cleveland,Cuyahoga,
44114,Cleveland,Cuyahoga,
44115,Cleveland,Cuyahoga,
44116,Rocky River,Cuyahoga,
44117,Euclid,Cuyahoga,
44118,Cleveland,Cuyahoga,
44119,Cleveland,Cuyahoga,
44120,Cleveland,Cuyahoga,
44121,Cleveland,Cuyahoga,
44122,Beachwood,Cuyahoga,
44123,Euclid,Cuyahoga,
44124,Cleveland,Cuyahoga,
44125,Cleveland,Cuyahoga,
44126,Cleveland,Cuyahoga,
44127,Cleveland,Cuyahoga,
44128,Cleveland,Cuyahoga,
44129,Cleveland,Cuyahoga,
44130,Cleveland,Cuyahoga,
44131,Independence,Cuyahoga,
44132,Euclid,Cuyahoga,
44133,North Royalton,Cuyahoga,
44134,Cleveland,Cuyahoga,
44135,Cleveland,Cuyahoga,
44136,Strongsville,Cuyahoga,
44137,Maple Heights,Cuyahoga,
44138,Olmsted Falls,Cuyahoga,
44139,Solon,Cuyahoga,
44140,Bay Village,Cuyahoga,
44141,Brecksville,Cuyahoga,
44142,Brookpark,Cuyahoga,
44143,Cleveland,Cuyahoga,
44144,Cleveland,Cuyahoga,
44145,Westlake,Cuyahoga,
44146,Bedford,Cuyahoga,
44147,Broadview Heights,Cuyahoga,
44149,Strongsville,Cuyahoga,
44181,Cleveland,Cuyahoga,
44188,Cleveland,Cuyahoga,
44190,Cleveland,Cuyahoga,
44191,Cleveland,Cuyahoga,
44192,Cleveland,Cuyahoga,
44193,Cleveland,Cuyahoga,
44194,Cleveland,Cuyahoga,
44195,Cleveland,Cuyahoga,
44197,Cleveland,Cuyahoga,
44198,Cleveland,Cuyahoga,
44199,Cleveland,Cuyahoga,
44201,Atwater,Portage,
44202,Aurora,Portage,
44203,Barberton,Summit,
44210,Bath,Summit,
44211,Brady Lake,Portage,
44212,Brunswick,Medina,
44214,Burbank,Wayne,
44215,Chippewa Lake,Medina,
44216,Clinton,Summit,
44217,Creston,Wayne,
44221,Cuyahoga Falls,Summit,
44222,Cuyahoga Falls,Summit,
44223,Cuyahoga Falls,Summit,
44224,Stow,Summit,
44230,Doylestown,Wayne,
44231,Garrettsville,Portage,
44232,Green,Summit,
44233,Hinckley,Medina,
44234,Hiram,Portage,
44235,Homerville,Medina,
44236,Hudson,Summit,
44237,Hudson,Summit,
44240,Kent,Portage,
44241,Streetsboro,Portage,
44242,Kent,Portage,
44243,Kent,Portage,
44250,Lakemore,Summit,
44251,Westfield Center,Medina,
44253,Litchfield,Medina,
44254,Lodi,Medina,
44255,Mantua,Portage,
44256,Medina,Medina,
44258,Medina,Medina,
44260,Mogadore,Portage,
44262,Munroe Falls,Summit,
44264,Peninsula,Summit,
44265,Randolph,Portage,
44266,Ravenna,Portage,
44270,Rittman,Wayne,
44272,Rootstown,Portage,
44273,Seville,Medina,
44274,Sharon Center,Medina,
44275,Spencer,Medina,
44276,Sterling,Wayne,
44278,Tallmadge,Summit,
44280,Valley City,Medina,
44281,Wadsworth,Medina,
44282,Wadsworth,Medina,
44285,Wayland,Portage,
44286,Richfield,Summit,
44287,West Salem,Wayne,
44288,Windham,Portage,
44301,Akron,Summit,
44302,Akron,Summit,
44303,Akron,Summit,
44304,Akron,Summit,
44305,Akron,Summit,
44306,Akron,Summit,
44307,Akron,Summit,
44308,Akron,Summit,
44309,Akron,Summit,
44310,Akron,Summit,
44311,Akron,Summit,
44312,Akron,Summit,
44313,Akron,Summit,
44314,Akron,Summit,
44315,Akron,Summit,
44316,Akron,Summit,
44317,Akron,Summit,
44319,Akron,Summit,
44320,Akron,Summit,
44321,Akron,Summit,
44325,Akron,Summit,
44326,Akron,Summit,
44328,Akron,Summit,
44333,Akron,Summit,
44334,Fairlawn,Summit,
44372,Akron,Summit,
44396,Akron,Summit,
44398,Akron,Summit,
44401,Berlin Center,Mahoning,
44402,Bristolville,Trumbull,
44403,Brookfield,Trumbull,
44404,Burghill,Trumbull,
44405,Campbell,Mahoning,
44406,Canfield,Mahoning,
44408,Columbiana,Columbiana,
44410,Cortland,Trumbull,
44411,Deerfield,Portage,
44412,Diamond,Portage,
44413,East Palestine,Columbiana,
44415,Elkton,Columbiana,
44416,Ellsworth,Mahoning,
44417,Farmdale,Trumbull,
44418,Fowler,Trumbull,
44420,Girard,Trumbull,
44422,Greenford,Mahoning,
44423,Hanoverton,Columbiana,
44424,Hartford,Trumbull,
44425,Hubbard,Trumbull,
44427,Kensington,Columbiana,
44428,Kinsman,Trumbull,
44429,Lake Milton,Mahoning,
44430,Leavittsburg,Trumbull,
44431,Leetonia,Columbiana,
44432,Lisbon,Columbiana,
44436,Lowellville,Mahoning,
44437,Mc Donald,Trumbull,
44438,Masury,Trumbull,
44439,Mesopotamia,Trumbull,
44440,Mineral Ridge,Trumbull,
44441,Negley,Columbiana,
44442,New Middletown,Mahoning,
44443,New Springfield,Mahoning,
44444,Newton Falls,Trumbull,
44445,New Waterford,Columbiana,
44446,Niles,Trumbull,
44449,North Benton,Portage,
44450,North Bloomfield,Trumbull,
44451,North Jackson,Mahoning,
44452,North Lima,Mahoning,
44453,Orangeville,Trumbull,
44454,Petersburg,Mahoning,
44455,Rogers,Columbiana,
44460,Salem,Columbiana,
44470,Southington,Trumbull,
44471,Struthers,Mahoning,
44473,Vienna,Trumbull,
44481,Warren,Trumbull,
44482,Warren,Trumbull,
44483,Warren,Trumbull,
44484,Warren,Trumbull,
44485,Warren,Trumbull,
44486,Warren,Trumbull,
44490,Washingtonville,Columbiana,
44491,West Farmington,Trumbull,
44492,West Point,Columbiana,
44493,Winona,Columbiana,
44501,Youngstown,Mahoning,
44502,Youngstown,Mahoning,
44503,Youngstown,Mahoning,
44504,Youngstown,Mahoning,
44505,Youngstown,Mahoning,
44506,Youngstown,Mahoning,
44507,Youngstown,Mahoning,
44509,Youngstown,Mahoning,
44510,Youngstown,Mahoning,
44511,Youngstown,Mahoning,
44512,Youngstown,Mahoning,
44513,Youngstown,Mahoning,
44514,Youngstown,Mahoning,
44515,Youngstown,Mahoning,
44555,Youngstown,Mahoning,
44601,Alliance,Stark,
44606,Apple Creek,Wayne,
44607,Augusta,Carroll,
44608,Beach City,Stark,
44609,Beloit,Mahoning,
44610,Berlin,Holmes,
44611,Big Prairie,Holmes,
44612,Bolivar,Tuscarawas,
44613,Brewster,Stark,
44614,Canal Fulton,Stark,
44615,Carrollton,Carroll,
44617,Charm,Holmes,
44618,Dalton,Wayne,
44619,Damascus,Mahoning,
44620,Dellroy,Carroll,
44621,Dennison,Tuscarawas,
44622,Dover,Tuscarawas,
44624,Dundee,Tuscarawas,
44625,East Rochester,Columbiana,
44626,East Sparta,Stark,
44627,Fredericksburg,Wayne,
44628,Glenmont,Holmes,
44629,Gnadenhutten,Tuscarawas,
44630,Greentown,Stark,
44632,Hartville,Stark,
44633,Holmesville,Holmes,
44634,Homeworth,Columbiana,
44636,Kidron,Wayne,
44637,Killbuck,Holmes,
44638,Lakeville,Holmes,
44639,Leesville,Carroll,
44640,Limaville,Stark,
44641,Louisville,Stark,
44643,Magnolia,Stark,
44644,Malvern,Carroll,
44645,Marshallville,Wayne,
44646,Massillon,Stark,
44647,Massillon,Stark,
44648,Massillon,Stark,
44650,Maximo,Stark,
44651,Mechanicstown,Carroll,
44652,Middlebranch,Stark,
44653,Midvale,Tuscarawas,
44654,Millersburg,Holmes,
44656,Mineral City,Tuscarawas,
44657,Minerva,Stark,
44659,Mount Eaton,Wayne,
44660,Mount Hope,Holmes,
44661,Nashville,Holmes,
44662,Navarre,Stark,
44663,New Philadelphia,Tuscarawas,
44665,North Georgetown,Columbiana,
44666,North Lawrence,Stark,
44667,Orrville,Wayne,
44669,Paris,Stark,
44670,Robertsville,Stark,
44671,Sandyville,Tuscarawas,
44672,Sebring,Mahoning,
44675,Sherrodsville,Carroll,
44676,Shreve,Wayne,
44677,Smithville,Wayne,
44678,Somerdale,Tuscarawas,
44679,Stillwater,Tuscarawas,
44680,Strasburg,Tuscarawas,
44681,Sugarcreek,Tuscarawas,
44682,Tuscarawas,Tuscarawas,
44683,Uhrichsville,Tuscarawas,
44685,Uniontown,Stark,
44687,Walnut Creek,Holmes,
44688,Waynesburg,Stark,
44689,Wilmot,Stark,
44690,Winesburg,Holmes,
44691,Wooster,Wayne,
44693,Deersville,Harrison,
44695,Bowerston,Harrison,
44697,Zoar,Tuscarawas,
44699,Tippecanoe,Harrison,
44701,Canton,Stark,
44702,Canton,Stark,
44703,Canton,Stark,
44704,Canton,Stark,
44705,Canton,Stark,
44706,Canton,Stark,
44707,Canton,Stark,
44708,Canton,Stark,
44709,Canton,Stark,
44710,Canton,Stark,
44711,Canton,Stark,
44714,Canton,Stark,
44718,Canton,Stark,
44720,North Canton,Stark,
44721,Canton,Stark,
44730,East Canton,Stark,
44735,Canton,Stark,
44750,Canton,Stark,
44767,Canton,Stark,
44799,Canton,Stark,
44802,Alvada,Seneca,
44804,Arcadia,Hancock,
44805,Ashland,Ashland,
44807,Attica,Seneca,
44809,Bascom,Seneca,
44811,Bellevue,Huron,
44813,Bellville,Richland,
44814,Berlin Heights,Erie,
44815,Bettsville,Seneca,
44816,Birmingham,Erie,
44817,Bloomdale,Wood,
44818,Bloomville,Seneca,
44820,Bucyrus,Crawford,
44822,Butler,Richland,
44824,Castalia,Erie,
44825,Chatfield,Crawford,
44826,Collins,Huron,
44827,Crestline,Crawford,
44828,Flat Rock,Seneca,
44830,Fostoria,Seneca,
44833,Galion,Crawford,
44836,Green Springs,Seneca,
44837,Greenwich,Huron,
44838,Hayesville,Ashland,
44839,Huron,Erie,
44840,Jeromesville,Ashland,
44841,Kansas,Seneca,
44842,Loudonville,Ashland,
44843,Lucas,Richland,
44844,Mc Cutchenville,Wyandot,
44845,Melmore,Seneca,
44846,Milan,Erie,
44847,Monroeville,Huron,
44848,Nankin,Ashland,
44849,Nevada,Wyandot,
44850,New Haven,Huron,
44851,New London,Huron,
44853,New Riegel,Seneca,
44854,New Washington,Crawford,
44855,North Fairfield,Huron,
44856,North Robinson,Crawford,
44857,Norwalk,Huron,
44859,Nova,Ashland,
44860,Oceola,Crawford,
44861,Old Fort,Seneca,
44862,Ontario,Richland,
44864,Perrysville,Ashland,
44865,Plymouth,Huron,
44866,Polk,Ashland,
44867,Republic,Seneca,
44870,Sandusky,Erie,
44871,Sandusky,Erie,
44874,Savannah,Ashland,
44875,Shelby,Richland,
44878,Shiloh,Richland,
44880,Sullivan,Ashland,
44881,Sulphur Springs,Crawford,
44882,Sycamore,Wyandot,
44883,Tiffin,Seneca,
44887,Tiro,Crawford,
44888,Willard,Huron,
44889,Wakeman,Huron,
44890,Willard,Huron,
44901,Mansfield,Richland,
44902,Mansfield,Richland,
44903,Mansfield,Richland,
44904,Mansfield,Richland,
44905,Mansfield,Richland,
44906,Mansfield,Richland,
44907,Mansfield,Richland,
45001,Addyston,Hamilton,
45002,Cleves,Hamilton,
45003,College Corner,Butler,
45004,Collinsville,Butler,
45005,Franklin,Warren,
45011,Hamilton,Butler,
45012,Hamilton,Butler,
45013,Hamilton,Butler,
45014,Fairfield,Butler,
45015,Hamilton,Butler,
45018,Fairfield,Butler,
45030,Harrison,Hamilton,
45032,Harveysburg,Warren,
45033,Hooven,Hamilton,
45034,Kings Mills,Warren,
45036,Lebanon,Warren,
45039,Maineville,Warren,
45040,Mason,Warren,
45041,Miamitown,Hamilton,
45042,Middletown,Butler,
45044,Middletown,Butler,
45050,Monroe,Butler,
45051,Mount Saint Joseph,Hamilton,
45052,North Bend,Hamilton,
45053,Okeana,Butler,
45054,Oregonia,Warren,
45055,Overpeck,Butler,
45056,Oxford,Butler,
45061,Ross,Butler,
45062,Seven Mile,Butler,
45063,Shandon,Butler,
45064,Somerville,Butler,
45065,South Lebanon,Warren,
45066,Springboro,Warren,
45067,Trenton,Butler,
45068,Waynesville,Warren,
45069,West Chester,Butler,
45070,West Elkton,Preble,
45071,West Chester,Butler,
45101,Aberdeen,Brown,
45102,Amelia,Clermont,
45103,Batavia,Clermont,
45105,Bentonville,Adams,
45106,Bethel,Clermont,
45107,Blanchester,Clinton,
45111,Camp Dennison,Hamilton,
45112,Chilo,Clermont,
45113,Clarksville,Clinton,
45114,Cuba,Clinton,
45115,Decatur,Brown,
45118,Fayetteville,Brown,
45119,Feesburg,Brown,
45120,Felicity,Clermont,
45121,Georgetown,Brown,
45122,Goshen,Clermont,
45123,Greenfield,Highland,
45130,Hamersville,Brown,
45131,Higginsport,Brown,
45132,Highland,Highland,
45133,Hillsboro,Highland,
45135,Leesburg,Highland,
45140,Loveland,Clermont,
45142,Lynchburg,Highland,
45144,Manchester,Adams,
45146,Martinsville,Clinton,
45147,Miamiville,Clermont,
45148,Midland,Clinton,
45150,Milford,Clermont,
45152,Morrow,Warren,
45153,Moscow,Clermont,
45154,Mount Orab,Brown,
45155,Mowrystown,Highland,
45156,Neville,Clermont,
45157,New Richmond,Clermont,
45158,Newtonsville,Clermont,
45159,New Vienna,Clinton,
45160,Owensville,Clermont,
45162,Pleasant Plain,Warren,
45164,Port William,Clinton,
45166,Reesville,Clinton,
45167,Ripley,Brown,
45168,Russellville,Brown,
45169,Sabina,Clinton,
45171,Sardinia,Brown,
45172,Sinking Spring,Highland,
45174,Terrace Park,Hamilton,
45176,Williamsburg,Clermont,
45177,Wilmington,Clinton,
45201,Cincinnati,Hamilton,
45202,Cincinnati,Hamilton,
45203,Cincinnati,Hamilton,
45204,Cincinnati,Hamilton,
45205,Cincinnati,Hamilton,
45206,Cincinnati,Hamilton,
45207,Cincinnati,Hamilton,
45208,Cincinnati,Hamilton,
45209,Cincinnati,Hamilton,
45211,Cincinnati,Hamilton,
45212,Cincinnati,Hamilton,
45213,Cincinnati,Hamilton,
45214,Cincinnati,Hamilton,
45215,Cincinnati,Hamilton,
45216,Cincinnati,Hamilton,
45217,Cincinnati,Hamilton,
45218,Cincinnati,Hamilton,
45219,Cincinnati,Hamilton,
45220,Cincinnati,Hamilton,
45221,Cincinnati,Hamilton,
45222,Cincinnati,Hamilton,
45223,Cincinnati,Hamilton,
45224,Cincinnati,Hamilton,
45225,Cincinnati,Hamilton,
45226,Cincinnati,Hamilton,
45227,Cincinnati,Hamilton,
45229,Cincinnati,Hamilton,
45230,Cincinnati,Hamilton,
45231,Cincinnati,Hamilton,
45232,Cincinnati,Hamilton,
45233,Cincinnati,Hamilton,
45234,Cincinnati,Hamilton,
45235,Cincinnati,Hamilton,
45236,Cincinnati,Hamilton,
45237,Cincinnati,Hamilton,
45238,Cincinnati,Hamilton,
45239,Cincinnati,Hamilton,
45240,Cincinnati,Hamilton,
45241,Cincinnati,Hamilton,
45242,Cincinnati,Hamilton,
45243,Cincinnati,Hamilton,
45244,Cincinnati,Hamilton,
45245,Cincinnati,Clermont,
45246,Cincinnati,Hamilton,
45247,Cincinnati,Hamilton,
45248,Cincinnati,Hamilton,
45249,Cincinnati,Hamilton,
45250,Cincinnati,Hamilton,
45251,Cincinnati,Hamilton,
45252,Cincinnati,Hamilton,
45253,Cincinnati,Hamilton,
45254,Cincinnati,Hamilton,
45255,Cincinnati,Hamilton,
45258,Cincinnati,Hamilton,
45262,Cincinnati,Hamilton,
45263,Cincinnati,Hamilton,
45264,Cincinnati,Hamilton,
45267,Cincinnati,Hamilton,
45268,Cincinnati,Hamilton,
45269,Cincinnati,Hamilton,
45270,Cincinnati,Hamilton,
45271,Cincinnati,Hamilton,
45273,Cincinnati,Hamilton,
45274,Cincinnati,Hamilton,
45275,Cincinnati,Hamilton,
45277,Cincinnati,Hamilton,
45280,Cincinnati,Hamilton,
45296,Cincinnati,Hamilton,
45298,Cincinnati,Hamilton,
45299,Cincinnati,Hamilton,
45301,Alpha,Greene,
45302,Anna,Shelby,
45303,Ansonia,Darke,
45304,Arcanum,Darke,
45305,Bellbrook,Greene,
45306,Botkins,Shelby,
45307,Bowersville,Greene,
45308,Bradford,Miami,
45309,Brookville,Montgomery,
45310,Burkettsville,Mercer,
45311,Camden,Preble,
45312,Casstown,Miami,
45314,Cedarville,Greene,
45315,Clayton,Montgomery,
45316,Clifton,Greene,
45317,Conover,Miami,
45318,Covington,Miami,
45319,Donnelsville,Clark,
45320,Eaton,Preble,
45321,Eldorado,Preble,
45322,Englewood,Montgomery,
45323,Enon,Clark,
45324,Fairborn,Greene,
45325,Farmersville,Montgomery,
45326,Fletcher,Miami,
45327,Germantown,Montgomery,
45328,Gettysburg,Darke,
45330,Gratis,Preble,
45331,Greenville,Darke,
45332,Hollansburg,Darke,
45333,Houston,Shelby,
45334,Jackson Center,Shelby,
45335,Jamestown,Greene,
45336,Kettlersville,Shelby,
45337,Laura,Miami,
45338,Lewisburg,Preble,
45339,Ludlow Falls,Miami,
45340,Maplewood,Shelby,
45341,Medway,Clark,
45342,Miamisburg,Montgomery,
45343,Miamisburg,Montgomery,
45344,New Carlisle,Clark,
45345,New Lebanon,Montgomery,
45346,New Madison,Darke,
45347,New Paris,Preble,
45348,New Weston,Darke,
45349,North Hampton,Clark,
45350,North Star,Darke,
45351,Osgood,Darke,
45352,Palestine,Darke,
45353,Pemberton,Shelby,
45354,Phillipsburg,Montgomery,
45356,Piqua,Miami,
45358,Pitsburg,Darke,
45359,Pleasant Hill,Miami,
45360,Port Jefferson,Shelby,
45361,Potsdam,Miami,
45362,Rossburg,Darke,
45363,Russia,Shelby,
45365,Sidney,Shelby,
45367,Sidney,Shelby,
45368,South Charleston,Clark,
45369,South Vienna,Clark,
45370,Spring Valley,Greene,
45371,Tipp City,Miami,
45372,Tremont City,Clark,
45373,Troy,Miami,
45374,Troy,Miami,
45377,Vandalia,Montgomery,
45378,Verona,Preble,
45380,Versailles,Darke,
45381,West Alexandria,Preble,
45382,West Manchester,Preble,
45383,West Milton,Miami,
45384,Wilberforce,Greene,
45385,Xenia,Greene,
45387,Yellow Springs,Greene,
45388,Yorkshire,Darke,
45389,Christiansburg,Champaign,
45390,Union City,Darke,
45401,Dayton,Montgomery,
45402,Dayton,Montgomery,
45403,Dayton,Montgomery,
45404,Dayton,Montgomery,
45405,Dayton,Montgomery,
45406,Dayton,Montgomery,
45409,Dayton,Montgomery,
45410,Dayton,Montgomery,
45412,Dayton,Montgomery,
45413,Dayton,Montgomery,
45414,Dayton,Montgomery,
45415,Dayton,Montgomery,
45416,Dayton,Montgomery,
45417,Dayton,Montgomery,
45419,Dayton,Montgomery,
45420,Dayton,Montgomery,
45422,Dayton,Montgomery,
45423,Dayton,Montgomery,
45424,Dayton,Montgomery,
45426,Dayton,Montgomery,
45428,Dayton,Montgomery,
45429,Dayton,Montgomery,
45430,Dayton,Montgomery,
45431,Dayton,Greene,
45432,Dayton,Greene,
45433,Dayton,Greene,
45434,Dayton,Greene,
45435,Dayton,Greene,
45437,Dayton,Montgomery,
45439,Dayton,Montgomery,
45440,Dayton,Montgomery,
45441,Dayton,Montgomery,
45448,Dayton,Montgomery,
45449,Dayton,Montgomery,
45458,Dayton,Montgomery,
45459,Dayton,Montgomery,
45469,Dayton,Montgomery,
45470,Dayton,Montgomery,
45475,Dayton,Montgomery,
45479,Dayton,Montgomery,
45481,Dayton,Montgomery,
45482,Dayton,Montgomery,
45490,Dayton,Montgomery,
45501,Springfield,Clark,
45502,Springfield,Clark,
45503,Springfield,Clark,
45504,Springfield,Clark,
45505,Springfield,Clark,
45506,Springfield,Clark,
45601,Chillicothe,Ross,
45612,Bainbridge,Ross,
45613,Beaver,Pike,
45614,Bidwell,Gallia,
45616,Blue Creek,Adams,
45617,Bourneville,Ross,
45618,Cherry Fork,Adams,
45619,Chesapeake,Lawrence,
45620,Cheshire,Gallia,
45621,Coalton,Jackson,
45622,Creola,Vinton,
45623,Crown City,Gallia,
45624,Cynthiana,Pike,
45628,Frankfort,Ross,
45629,Franklin Furnace,Scioto,
45630,Friendship,Scioto,
45631,Gallipolis,Gallia,
45633,Hallsville,Ross,
45634,Hamden,Vinton,
45636,Haverhill,Scioto,
45638,Ironton,Lawrence,
45640,Jackson,Jackson,
45642,Jasper,Pike,
45643,Kerr,Gallia,
45644,Kingston,Ross,
45645,Kitts Hill,Lawrence,
45646,Latham,Pike,
45647,Londonderry,Ross,
45648,Lucasville,Scioto,
45650,Lynx,Adams,
45651,Mc Arthur,Vinton,
45652,Mc Dermott,Scioto,
45653,Minford,Scioto,
45654,New Plymouth,Vinton,
45656,Oak Hill,Jackson,
45657,Otway,Scioto,
45658,Patriot,Gallia,
45659,Pedro,Lawrence,
45660,Peebles,Adams,
45661,Piketon,Pike,
45662,Portsmouth,Scioto,
45663,West Portsmouth,Scioto,
45669,Proctorville,Lawrence,
45671,Rarden,Scioto,
45672,Ray,Vinton,
45673,Richmond Dale,Ross,
45674,Rio Grande,Gallia,
45675,Rock Camp,Lawrence,
45677,Scioto Furnace,Scioto,
45678,Scottown,Lawrence,
45679,Seaman,Adams,
45680,South Point,Lawrence,
45681,South Salem,Ross,
45682,South Webster,Scioto,
45683,Stockdale,Pike,
45684,Stout,Adams,
45685,Thurman,Gallia,
45686,Vinton,Gallia,
45687,Wakefield,Pike,
45688,Waterloo,Lawrence,
45690,Waverly,Pike,
45692,Wellston,Jackson,
45693,West Union,Adams,
45694,Wheelersburg,Scioto,
45695,Wilkesville,Vinton,
45696,Willow Wood,Lawrence,
45697,Winchester,Adams,
45698,Zaleski,Vinton,
45699,Lucasville,Scioto,
45701,Athens,Athens,
45710,Albany,Athens,
45711,Amesville,Athens,
45712,Barlow,Washington,
45713,Bartlett,Washington,
45714,Belpre,Washington,
45715,Beverly,Washington,
45716,Buchtel,Athens,
45717,Carbondale,Athens,
45719,Chauncey,Athens,
45720,Chester,Meigs,
45721,Coal Run,Washington,
45723,Coolville,Athens,
45724,Cutler,Washington,
45727,Dexter City,Noble,
45729,Fleming,Washington,
45732,Glouster,Athens,
45734,Graysville,Monroe,
45735,Guysville,Athens,
45739,Hockingport,Athens,
45740,Jacksonville,Athens,
45741,Langsville,Meigs,
45742,Little Hocking,Washington,
45743,Long Bottom,Meigs,
45744,Lowell,Washington,
45745,Lower Salem,Washington,
45746,Macksburg,Washington,
45750,Marietta,Washington,
45760,Middleport,Meigs,
45761,Millfield,Athens,
45764,Nelsonville,Athens,
45766,New Marshfield,Athens,
45767,New Matamoras,Washington,
45768,Newport,Washington,
45769,Pomeroy,Meigs,
45770,Portland,Meigs,
45771,Racine,Meigs,
45772,Reedsville,Meigs,
45773,Reno,Washington,
45775,Rutland,Meigs,
45776,Shade,Athens,
45777,Sharpsburg,Athens,
45778,Stewart,Athens,
45779,Syracuse,Meigs,
45780,The Plains,Athens,
45782,Trimble,Athens,
45783,Tuppers Plains,Meigs,
45784,Vincent,Washington,
45786,Waterford,Washington,
45787,Watertown,Washington,
45788,Whipple,Washington,
45789,Wingett Run,Washington,
45801,Lima,Allen,
45802,Lima,Allen,
45804,Lima,Allen,
45805,Lima,Allen,
45806,Lima,Allen,
45807,Lima,Allen,
45808,Beaverdam,Allen,
45809,Gomer,Allen,
45810,Ada,Hardin,
45812,Alger,Hardin,
45813,Antwerp,Paulding,
45814,Arlington,Hancock,
45815,Belmore,Putnam,
45816,Benton Ridge,Hancock,
45817,Bluffton,Allen,
45819,Buckland,Auglaize,
45820,Cairo,Allen,
45821,Cecil,Paulding,
45822,Celina,Mercer,
45826,Chickasaw,Mercer,
45827,Cloverdale,Putnam,
45828,Coldwater,Mercer,
45830,Columbus Grove,Putnam,
45831,Continental,Putnam,
45832,Convoy,Van Wert,
45833,Delphos,Allen,
45835,Dola,Hardin,
45836,Dunkirk,Hardin,
45837,Dupont,Putnam,
45838,Elgin,Van Wert,
45839,Findlay,Hancock,
45840,Findlay,Hancock,
45841,Jenera,Hancock,
45843,Forest,Hardin,
45844,Fort Jennings,Putnam,
45845,Fort Loramie,Shelby,
45846,Fort Recovery,Mercer,
45848,Glandorf,Putnam,
45849,Grover Hill,Paulding,
45850,Harrod,Allen,
45851,Haviland,Paulding,
45853,Kalida,Putnam,
45854,Lafayette,Allen,
45855,Latty,Paulding,
45856,Leipsic,Putnam,
45858,Mc Comb,Hancock,
45859,Mc Guffey,Hardin,
45860,Maria Stein,Mercer,
45861,Melrose,Paulding,
45862,Mendon,Mercer,
45863,Middle Point,Van Wert,
45864,Miller City,Putnam,
45865,Minster,Auglaize,
45866,Montezuma,Mercer,
45867,Mount Blanchard,Hancock,
45868,Mount Cory,Hancock,
45869,New Bremen,Auglaize,
45870,New Hampshire,Auglaize,
45871,New Knoxville,Auglaize,
45872,North Baltimore,Wood,
45873,Oakwood,Paulding,
45874,Ohio City,Van Wert,
45875,Ottawa,Putnam,
45876,Ottoville,Putnam,
45877,Pandora,Putnam,
45879,Paulding,Paulding,
45880,Payne,Paulding,
45881,Rawson,Hancock,
45882,Rockford,Mercer,
45883,Saint Henry,Mercer,
45884,Saint Johns,Auglaize,
45885,Saint Marys,Auglaize,
45886,Scott,Van Wert,
45887,Spencerville,Allen,
45888,Uniopolis,Auglaize,
45889,Van Buren,Hancock,
45890,Vanlue,Hancock,
45891,Van Wert,Van Wert,
45893,Vaughnsville,Putnam,
45894,Venedocia,Van Wert,
45895,Wapakoneta,Auglaize,
45896,Waynesfield,Auglaize,
45897,Williamstown,Hancock,
45898,Willshire,Van Wert,
45899,Wren,Van Wert,
45999,Cincinnati,Hamilton,
