73301,Austin,Travis,
73344,Austin,Travis,
73960,Texhoma,Sherman,
75001,Addison,Dallas,
75002,Allen,Collin,
75006,Carrollton,Dallas,
75007,Carrollton,Denton,
75009,Celina,Collin,
75010,Carrollton,Denton,
75011,Carrollton,Dallas,
75013,Allen,Collin,
75014,Irving,Dallas,
75015,Irving,Dallas,
75016,Irving,Dallas,
75017,Irving,Dallas,
75019,Coppell,Dallas,
75020,Denison,Grayson,
75021,Denison,Grayson,
75022,Flower Mound,Denton,
75023,Plano,Collin,
75024,Plano,Collin,
75025,Plano,Collin,
75026,Plano,Collin,
75027,Flower Mound,Denton,
75028,Flower Mound,Denton,
75029,Lewisville,Denton,
75030,Rowlett,Dallas,
75032,Rockwall,Rockwall,
75033,Frisco,Denton,
75034,Frisco,Denton,
75035,Frisco,Collin,
75036,Frisco,Denton,
75038,Irving,Dallas,
75039,Irving,Dallas,
75040,Garland,Dallas,
75041,Garland,Dallas,
75042,Garland,Dallas,
75043,Garland,Dallas,
75044,Garland,Dallas,
75045,Garland,Dallas,
75046,Garland,Dallas,
75047,Garland,Dallas,
75048,Sachse,Dallas,
75049,Garland,Dallas,
75050,Grand Prairie,Dallas,
75051,Grand Prairie,Dallas,
75052,Grand Prairie,Dallas,
75053,Grand Prairie,Dallas,
75054,Grand Prairie,Dallas,
75056,The Colony,Denton,
75057,Lewisville,Denton,
75058,Gunter,Grayson,
75059,Irving,Dallas,
75060,Irving,Dallas,
75061,Irving,Dallas,
75062,Irving,Dallas,
75063,Irving,Dallas,
75064,Irving,Dallas,
75065,Lake Dallas,Denton,
75067,Lewisville,Denton,
75068,Little Elm,Denton,
75069,Mckinney,Collin,
75070,Mckinney,Collin,
75071,Mckinney,Collin,
75072,Mckinney,Collin,
75074,Plano,Collin,
75075,Plano,Collin,
75076,Pottsboro,Grayson,
75077,Lewisville,Denton,
75078,Prosper,Collin,
75080,Richardson,Dallas,
75081,Richardson,Dallas,
75082,Richardson,Dallas,
75083,Richardson,Dallas,
75085,Richardson,Dallas,
75086,Plano,Collin,
75087,Rockwall,Rockwall,
75088,Rowlett,Dallas,
75089,Rowlett,Dallas,
75090,Sherman,Grayson,
75091,Sherman,Grayson,
75092,Sherman,Grayson,
75093,Plano,Collin,
75094,Plano,Collin,
75097,Weston,Collin,
75098,Wylie,Collin,
75099,Coppell,Dallas,
75101,Bardwell,Ellis,
75102,Barry,Navarro,
75103,Canton,Van Zandt,
75104,Cedar Hill,Dallas,
75105,Chatfield,Navarro,
75106,Cedar Hill,Dallas,
75109,Corsicana,Navarro,
75110,Corsicana,Navarro,
75114,Crandall,Kaufman,
75115,Desoto,Dallas,
75116,Duncanville,Dallas,
75117,Edgewood,Van Zandt,
75118,Elmo,Kaufman,
75119,Ennis,Ellis,
75120,Ennis,Ellis,
75121,Copeville,Collin,
75123,Desoto,Dallas,
75124,Eustace,Henderson,
75125,Ferris,Ellis,
75126,Forney,Kaufman,
75127,Fruitvale,Van Zandt,
75132,Fate,Rockwall,
75134,Lancaster,Dallas,
75135,Caddo Mills,Hunt,
75137,Duncanville,Dallas,
75138,Duncanville,Dallas,
75140,Grand Saline,Van Zandt,
75141,Hutchins,Dallas,
75142,Kaufman,Kaufman,
75143,Kemp,Kaufman,
75144,Kerens,Navarro,
75146,Lancaster,Dallas,
75147,Mabank,Kaufman,
75148,Malakoff,Henderson,
75149,Mesquite,Dallas,
75150,Mesquite,Dallas,
75151,Corsicana,Navarro,
75152,Palmer,Ellis,
75153,Powell,Navarro,
75154,Red Oak,Ellis,
75155,Rice,Navarro,
75156,Mabank,Henderson,
75157,Rosser,Kaufman,
75158,Scurry,Kaufman,
75159,Seagoville,Dallas,
75160,Terrell,Kaufman,
75161,Terrell,Kaufman,
75163,Trinidad,Henderson,
75164,Josephine,Collin,
75165,Waxahachie,Ellis,
75166,Lavon,Collin,
75167,Waxahachie,Ellis,
75168,Waxahachie,Ellis,
75169,Wills Point,Van Zandt,
75172,Wilmer,Dallas,
75173,Nevada,Collin,
75180,Balch Springs,Dallas,
75181,Mesquite,Dallas,
75182,Sunnyvale,Dallas,
75185,Mesquite,Dallas,
75187,Mesquite,Dallas,
75189,Royse City,Rockwall,
75201,Dallas,Dallas,
75202,Dallas,Dallas,
75203,Dallas,Dallas,
75204,Dallas,Dallas,
75205,Dallas,Dallas,
75206,Dallas,Dallas,
75207,Dallas,Dallas,
75208,Dallas,Dallas,
75209,Dallas,Dallas,
75210,Dallas,Dallas,
75211,Dallas,Dallas,
75212,Dallas,Dallas,
75214,Dallas,Dallas,
75215,Dallas,Dallas,
75216,Dallas,Dallas,
75217,Dallas,Dallas,
75218,Dallas,Dallas,
75219,Dallas,Dallas,
75220,Dallas,Dallas,
75221,Dallas,Dallas,
75222,Dallas,Dallas,
75223,Dallas,Dallas,
75224,Dallas,Dallas,
75225,Dallas,Dallas,
75226,Dallas,Dallas,
75227,Dallas,Dallas,
75228,Dallas,Dallas,
75229,Dallas,Dallas,
75230,Dallas,Dallas,
75231,Dallas,Dallas,
75232,Dallas,Dallas,
75233,Dallas,Dallas,
75234,Dallas,Dallas,
75235,Dallas,Dallas,
75236,Dallas,Dallas,
75237,Dallas,Dallas,
75238,Dallas,Dallas,
75240,Dallas,Dallas,
75241,Dallas,Dallas,
75242,Dallas,Dallas,
75243,Dallas,Dallas,
75244,Dallas,Dallas,
75246,Dallas,Dallas,
75247,Dallas,Dallas,
75248,Dallas,Dallas,
75249,Dallas,Dallas,
75250,Dallas,Dallas,
75251,Dallas,Dallas,
75252,Dallas,Collin,
75253,Dallas,Dallas,
75254,Dallas,Dallas,
75260,Dallas,Dallas,
75261,Dallas,Dallas,
75262,Dallas,Dallas,
75263,Dallas,Dallas,
75264,Dallas,Dallas,
75265,Dallas,Dallas,
75266,Dallas,Dallas,
75267,Dallas,Dallas,
75270,Dallas,Dallas,
75275,Dallas,Dallas,
75277,Dallas,Dallas,
75283,Dallas,Dallas,
75284,Dallas,Dallas,
75285,Dallas,Dallas,
75287,Dallas,Collin,
75301,Dallas,Dallas,
75303,Dallas,Dallas,
75312,Dallas,Dallas,
75313,Dallas,Dallas,
75315,Dallas,Dallas,
75320,Dallas,Dallas,
75326,Dallas,Dallas,
75336,Dallas,Dallas,
75339,Dallas,Dallas,
75342,Dallas,Dallas,
75354,Dallas,Dallas,
75355,Dallas,Dallas,
75356,Dallas,Dallas,
75357,Dallas,Dallas,
75358,Dallas,Dallas,
75359,Dallas,Dallas,
75360,Dallas,Dallas,
75367,Dallas,Dallas,
75368,Dallas,Dallas,
75370,Dallas,Dallas,
75371,Dallas,Dallas,
75372,Dallas,Dallas,
75373,Dallas,Dallas,
75374,Dallas,Dallas,
75376,Dallas,Dallas,
75378,Dallas,Dallas,
75379,Dallas,Dallas,
75380,Dallas,Dallas,
75381,Dallas,Dallas,
75382,Dallas,Dallas,
75389,Dallas,Dallas,
75390,Dallas,Dallas,
75391,Dallas,Dallas,
75392,Dallas,Dallas,
75393,Dallas,Dallas,
75394,Dallas,Dallas,
75395,Dallas,Dallas,
75397,Dallas,Dallas,
75398,Dallas,Dallas,
75401,Greenville,Hunt,
75402,Greenville,Hunt,
75403,Greenville,Hunt,
75404,Greenville,Hunt,
75407,Princeton,Collin,
75409,Anna,Collin,
75410,Alba,Wood,
75411,Arthur City,Lamar,
75412,Bagwell,Red River,
75413,Bailey,Fannin,
75414,Bells,Grayson,
75415,Ben Franklin,Delta,
75416,Blossom,Lamar,
75417,Bogata,Red River,
75418,Bonham,Fannin,
75420,Brashear,Hopkins,
75421,Brookston,Lamar,
75422,Campbell,Hunt,
75423,Celeste,Hunt,
75424,Blue Ridge,Collin,
75425,Chicota,Lamar,
75426,Clarksville,Red River,
75428,Commerce,Hunt,
75429,Commerce,Hunt,
75431,Como,Hopkins,
75432,Cooper,Delta,
75433,Cumby,Hopkins,
75434,Cunningham,Lamar,
75435,Deport,Lamar,
75436,Detroit,Red River,
75437,Dike,Hopkins,
75438,Dodd City,Fannin,
75439,Ector,Fannin,
75440,Emory,Rains,
75441,Enloe,Delta,
75442,Farmersville,Collin,
75443,Gober,Fannin,
75444,Golden,Wood,
75446,Honey Grove,Fannin,
75447,Ivanhoe,Fannin,
75448,Klondike,Delta,
75449,Ladonia,Fannin,
75450,Lake Creek,Delta,
75451,Leesburg,Camp,
75452,Leonard,Fannin,
75453,Lone Oak,Hunt,
75454,Melissa,Collin,
75455,Mount Pleasant,Titus,
75456,Mount Pleasant,Titus,
75457,Mount Vernon,Franklin,
75458,Merit,Hunt,
75459,Howe,Grayson,
75460,Paris,Lamar,
75461,Paris,Lamar,
75462,Paris,Lamar,
75468,Pattonville,Lamar,
75469,Pecan Gap,Delta,
75470,Petty,Lamar,
75471,Pickton,Hopkins,
75472,Point,Rains,
75473,Powderly,Lamar,
75474,Quinlan,Hunt,
75475,Randolph,Fannin,
75476,Ravenna,Fannin,
75477,Roxton,Lamar,
75478,Saltillo,Hopkins,
75479,Savoy,Fannin,
75480,Scroggins,Franklin,
75481,Sulphur Bluff,Hopkins,
75482,Sulphur Springs,Hopkins,
75483,Sulphur Springs,Hopkins,
75485,Westminster,Collin,
75486,Sumner,Lamar,
75487,Talco,Franklin,
75488,Telephone,Fannin,
75489,Tom Bean,Grayson,
75490,Trenton,Fannin,
75491,Whitewright,Grayson,
75492,Windom,Fannin,
75493,Winfield,Titus,
75494,Winnsboro,Wood,
75495,Van Alstyne,Grayson,
75496,Wolfe City,Hunt,
75497,Yantis,Wood,
75501,Texarkana,Bowie,
75503,Texarkana,Bowie,
75504,Texarkana,Bowie,
75505,Texarkana,Bowie,
75507,Texarkana,Bowie,
75550,Annona,Red River,
75551,Atlanta,Cass,
75554,Avery,Red River,
75555,Bivins,Cass,
75556,Bloomburg,Cass,
75558,Cookville,Titus,
75559,De Kalb,Bowie,
75560,Douglassville,Cass,
75561,Hooks,Bowie,
75562,Kildare,Cass,
75563,Linden,Cass,
75564,Lodi,Marion,
75565,Mc Leod,Cass,
75566,Marietta,Cass,
75567,Maud,Bowie,
75568,Naples,Morris,
75569,Nash,Bowie,
75570,New Boston,Bowie,
75571,Omaha,Morris,
75572,Queen City,Cass,
75573,Redwater,Bowie,
75574,Simms,Bowie,
75599,Texarkana,Bowie,
75601,Longview,Gregg,
75602,Longview,Gregg,
75603,Longview,Gregg,
75604,Longview,Gregg,
75605,Longview,Gregg,
75606,Longview,Gregg,
75607,Longview,Gregg,
75608,Longview,Gregg,
75615,Longview,Gregg,
75630,Avinger,Cass,
75631,Beckville,Panola,
75633,Carthage,Panola,
75636,Cason,Morris,
75637,Clayton,Panola,
75638,Daingerfield,Morris,
75639,De Berry,Panola,
75640,Diana,Upshur,
75641,Easton,Gregg,
75642,Elysian Fields,Harrison,
75643,Gary,Panola,
75644,Gilmer,Upshur,
75645,Gilmer,Upshur,
75647,Gladewater,Gregg,
75650,Hallsville,Harrison,
75651,Harleton,Harrison,
75652,Henderson,Rusk,
75653,Henderson,Rusk,
75654,Henderson,Rusk,
75656,Hughes Springs,Cass,
75657,Jefferson,Marion,
75658,Joinerville,Rusk,
75659,Jonesville,Harrison,
75660,Judson,Gregg,
75661,Karnack,Harrison,
75662,Kilgore,Gregg,
75663,Kilgore,Gregg,
75666,Laird Hill,Rusk,
75667,Laneville,Rusk,
75668,Lone Star,Morris,
75669,Long Branch,Panola,
75670,Marshall,Harrison,
75671,Marshall,Harrison,
75672,Marshall,Harrison,
75680,Minden,Rusk,
75681,Mount Enterprise,Rusk,
75682,New London,Rusk,
75683,Ore City,Upshur,
75684,Overton,Rusk,
75685,Panola,Panola,
75686,Pittsburg,Camp,
75687,Price,Rusk,
75688,Scottsville,Harrison,
75689,Selman City,Rusk,
75691,Tatum,Rusk,
75692,Waskom,Harrison,
75693,White Oak,Gregg,
75694,Woodlawn,Harrison,
75701,Tyler,Smith,
75702,Tyler,Smith,
75703,Tyler,Smith,
75704,Tyler,Smith,
75705,Tyler,Smith,
75706,Tyler,Smith,
75707,Tyler,Smith,
75708,Tyler,Smith,
75709,Tyler,Smith,
75710,Tyler,Smith,
75711,Tyler,Smith,
75712,Tyler,Smith,
75713,Tyler,Smith,
75750,Arp,Smith,
75751,Athens,Henderson,
75752,Athens,Henderson,
75754,Ben Wheeler,Van Zandt,
75755,Big Sandy,Upshur,
75756,Brownsboro,Henderson,
75757,Bullard,Smith,
75758,Chandler,Henderson,
75759,Cuney,Cherokee,
75760,Cushing,Nacogdoches,
75762,Flint,Smith,
75763,Frankston,Anderson,
75764,Gallatin,Cherokee,
75765,Hawkins,Wood,
75766,Jacksonville,Cherokee,
75770,Larue,Henderson,
75771,Lindale,Smith,
75772,Maydelle,Cherokee,
75773,Mineola,Wood,
75778,Murchison,Henderson,
75779,Neches,Anderson,
75780,New Summerfield,Cherokee,
75782,Poynor,Henderson,
75783,Quitman,Wood,
75784,Reklaw,Cherokee,
75785,Rusk,Cherokee,
75788,Sacul,Nacogdoches,
75789,Troup,Smith,
75790,Van,Van Zandt,
75791,Whitehouse,Smith,
75792,Winona,Smith,
75797,Big Sandy,Upshur,
75798,Tyler,Smith,
75799,Tyler,Smith,
75801,Palestine,Anderson,
75802,Palestine,Anderson,
75803,Palestine,Anderson,
75831,Buffalo,Leon,
75832,Cayuga,Anderson,
75833,Centerville,Leon,
75834,Centralia,Trinity,
75835,Crockett,Houston,
75838,Donie,Freestone,
75839,Elkhart,Anderson,
75840,Fairfield,Freestone,
75844,Grapeland,Houston,
75845,Groveton,Trinity,
75846,Jewett,Leon,
75847,Kennard,Houston,
75848,Kirvin,Freestone,
75849,Latexo,Houston,
75850,Leona,Leon,
75851,Lovelady,Houston,
75852,Midway,Madison,
75853,Montalba,Anderson,
75855,Oakwood,Leon,
75856,Pennington,Trinity,
75858,Ratcliff,Houston,
75859,Streetman,Freestone,
75860,Teague,Freestone,
75861,Tennessee Colony,Anderson,
75862,Trinity,Trinity,
75865,Woodlake,Trinity,
75880,Tennessee Colony,Anderson,
75882,Palestine,Anderson,
75884,Tennessee Colony,Anderson,
75886,Tennessee Colony,Anderson,
75901,Lufkin,Angelina,
75902,Lufkin,Angelina,
75903,Lufkin,Angelina,
75904,Lufkin,Angelina,
75915,Lufkin,Angelina,
75925,Alto,Cherokee,
75926,Apple Springs,Trinity,
75928,Bon Wier,Newton,
75929,Broaddus,San Augustine,
75930,Bronson,Sabine,
75931,Brookeland,Jasper,
75932,Burkeville,Newton,
75933,Call,Newton,
75934,Camden,Polk,
75935,Center,Shelby,
75936,Chester,Tyler,
75937,Chireno,Nacogdoches,
75938,Colmesneil,Tyler,
75939,Corrigan,Polk,
75941,Diboll,Angelina,
75942,Doucette,Tyler,
75943,Douglass,Nacogdoches,
75944,Etoile,Nacogdoches,
75946,Garrison,Nacogdoches,
75948,Hemphill,Sabine,
75949,Huntington,Angelina,
75951,Jasper,Jasper,
75954,Joaquin,Shelby,
75956,Kirbyville,Jasper,
75958,Martinsville,Nacogdoches,
75959,Milam,Sabine,
75960,Moscow,Polk,
75961,Nacogdoches,Nacogdoches,
75962,Nacogdoches,Nacogdoches,
75963,Nacogdoches,Nacogdoches,
75964,Nacogdoches,Nacogdoches,
75965,Nacogdoches,Nacogdoches,
75966,Newton,Newton,
75968,Pineland,Sabine,
75969,Pollok,Angelina,
75972,San Augustine,San Augustine,
75973,Shelbyville,Shelby,
75974,Tenaha,Shelby,
75975,Timpson,Shelby,
75976,Wells,Cherokee,
75977,Wiergate,Newton,
75978,Woden,Nacogdoches,
75979,Woodville,Tyler,
75980,Zavalla,Angelina,
75990,Woodville,Tyler,
76001,Arlington,Tarrant,
76002,Arlington,Tarrant,
76003,Arlington,Tarrant,
76004,Arlington,Tarrant,
76005,Arlington,Tarrant,
76006,Arlington,Tarrant,
76007,Arlington,Tarrant,
76008,Aledo,Parker,
76009,Alvarado,Johnson,
76010,Arlington,Tarrant,
76011,Arlington,Tarrant,
76012,Arlington,Tarrant,
76013,Arlington,Tarrant,
76014,Arlington,Tarrant,
76015,Arlington,Tarrant,
76016,Arlington,Tarrant,
76017,Arlington,Tarrant,
76018,Arlington,Tarrant,
76019,Arlington,Tarrant,
76020,Azle,Tarrant,
76021,Bedford,Tarrant,
76022,Bedford,Tarrant,
76023,Boyd,Wise,
76028,Burleson,Johnson,
76031,Cleburne,Johnson,
76033,Cleburne,Johnson,
76034,Colleyville,Tarrant,
76035,Cresson,Hood,
76036,Crowley,Tarrant,
76039,Euless,Tarrant,
76040,Euless,Tarrant,
76041,Forreston,Ellis,
76043,Glen Rose,Somervell,
76044,Godley,Johnson,
76048,Granbury,Hood,
76049,Granbury,Hood,
76050,Grandview,Johnson,
76051,Grapevine,Tarrant,
76052,Haslet,Tarrant,
76053,Hurst,Tarrant,
76054,Hurst,Tarrant,
76055,Itasca,Hill,
76058,Joshua,Johnson,
76059,Keene,Johnson,
76060,Kennedale,Tarrant,
76061,Lillian,Johnson,
76063,Mansfield,Tarrant,
76064,Maypearl,Ellis,
76065,Midlothian,Ellis,
76066,Millsap,Parker,
76067,Mineral Wells,Palo Pinto,
76068,Mineral Wells,Palo Pinto,
76070,Nemo,Somervell,
76071,Newark,Wise,
76073,Paradise,Wise,
76077,Rainbow,Somervell,
76078,Rhome,Wise,
76082,Springtown,Parker,
76084,Venus,Johnson,
76085,Weatherford,Parker,
76086,Weatherford,Parker,
76087,Weatherford,Parker,
76088,Weatherford,Parker,
76092,Southlake,Tarrant,
76093,Rio Vista,Johnson,
76094,Arlington,Tarrant,
76095,Bedford,Tarrant,
76096,Arlington,Tarrant,
76097,Burleson,Johnson,
76098,Azle,Parker,
76099,Grapevine,Tarrant,
76101,Fort Worth,Tarrant,
76102,Fort Worth,Tarrant,
76103,Fort Worth,Tarrant,
76104,Fort Worth,Tarrant,
76105,Fort Worth,Tarrant,
76106,Fort Worth,Tarrant,
76107,Fort Worth,Tarrant,
76108,Fort Worth,Tarrant,
76109,Fort Worth,Tarrant,
76110,Fort Worth,Tarrant,
76111,Fort Worth,Tarrant,
76112,Fort Worth,Tarrant,
76113,Fort Worth,Tarrant,
76114,Fort Worth,Tarrant,
76115,Fort Worth,Tarrant,
76116,Fort Worth,Tarrant,
76117,Haltom City,Tarrant,
76118,Fort Worth,Tarrant,
76119,Fort Worth,Tarrant,
76120,Fort Worth,Tarrant,
76121,Fort Worth,Tarrant,
76122,Fort Worth,Tarrant,
76123,Fort Worth,Tarrant,
76124,Fort Worth,Tarrant,
76126,Fort Worth,Tarrant,
76127,Naval Air Station JRB,Tarrant,
76129,Fort Worth,Tarrant,
76130,Fort Worth,Tarrant,
76131,Fort Worth,Tarrant,
76132,Fort Worth,Tarrant,
76133,Fort Worth,Tarrant,
76134,Fort Worth,Tarrant,
76135,Fort Worth,Tarrant,
76136,Fort Worth,Tarrant,
76137,Fort Worth,Tarrant,
76140,Fort Worth,Tarrant,
76147,Fort Worth,Tarrant,
76148,Fort Worth,Tarrant,
76150,Fort Worth,Tarrant,
76155,Fort Worth,Tarrant,
76161,Fort Worth,Tarrant,
76162,Fort Worth,Tarrant,
76163,Fort Worth,Tarrant,
76164,Fort Worth,Tarrant,
76166,Fort Worth,Tarrant,
76177,Fort Worth,Tarrant,
76179,Fort Worth,Tarrant,
76180,North Richland Hills,Tarrant,
76181,Fort Worth,Tarrant,
76182,North Richland Hills,Tarrant,
76185,Fort Worth,Tarrant,
76190,Fort Worth,Tarrant,
76191,Fort Worth,Tarrant,
76192,Fort Worth,Tarrant,
76193,Fort Worth,Tarrant,
76195,Fort Worth,Tarrant,
76196,Fort Worth,Tarrant,
76197,Fort Worth,Tarrant,
76198,Fort Worth,Tarrant,
76199,Fort Worth,Tarrant,
76201,Denton,Denton,
76202,Denton,Denton,
76203,Denton,Denton,
76204,Denton,Denton,
76205,Denton,Denton,
76206,Denton,Denton,
76207,Denton,Denton,
76208,Denton,Denton,
76209,Denton,Denton,
76210,Denton,Denton,
76225,Alvord,Wise,
76226,Argyle,Denton,
76227,Aubrey,Denton,
76228,Bellevue,Clay,
76230,Bowie,Montague,
76233,Collinsville,Grayson,
76234,Decatur,Wise,
76238,Era,Cooke,
76239,Forestburg,Montague,
76240,Gainesville,Cooke,
76241,Gainesville,Cooke,
76244,Keller,Tarrant,
76245,Gordonville,Grayson,
76246,Greenwood,Wise,
76247,Justin,Denton,
76248,Keller,Tarrant,
76249,Krum,Denton,
76250,Lindsay,Cooke,
76251,Montague,Montague,
76252,Muenster,Cooke,
76253,Myra,Cooke,
76255,Nocona,Montague,
76258,Pilot Point,Denton,
76259,Ponder,Denton,
76261,Ringgold,Montague,
76262,Roanoke,Denton,
76263,Rosston,Cooke,
76264,Sadler,Grayson,
76265,Saint Jo,Montague,
76266,Sanger,Denton,
76267,Slidell,Wise,
76268,Southmayd,Grayson,
76270,Sunset,Montague,
76271,Tioga,Grayson,
76272,Valley View,Cooke,
76273,Whitesboro,Grayson,
76301,Wichita Falls,Wichita,
76302,Wichita Falls,Wichita,
76305,Wichita Falls,Wichita,
76306,Wichita Falls,Wichita,
76307,Wichita Falls,Wichita,
76308,Wichita Falls,Wichita,
76309,Wichita Falls,Wichita,
76310,Wichita Falls,Wichita,
76311,Sheppard AFB,Wichita,
76351,Archer City,Archer,
76352,Bluegrove,Clay,
76354,Burkburnett,Wichita,
76357,Byers,Clay,
76360,Electra,Wichita,
76363,Goree,Knox,
76364,Harrold,Wilbarger,
76365,Henrietta,Clay,
76366,Holliday,Archer,
76367,Iowa Park,Wichita,
76369,Kamay,Wichita,
76370,Megargel,Archer,
76371,Munday,Knox,
76372,Newcastle,Young,
76373,Oklaunion,Wilbarger,
76374,Olney,Young,
76377,Petrolia,Clay,
76379,Scotland,Archer,
76380,Seymour,Baylor,
76384,Vernon,Wilbarger,
76385,Vernon,Wilbarger,
76388,Weinert,Haskell,
76389,Windthorst,Archer,
76401,Stephenville,Erath,
76402,Stephenville,Erath,
76424,Breckenridge,Stephens,
76426,Bridgeport,Wise,
76427,Bryson,Jack,
76429,Caddo,Stephens,
76430,Albany,Shackelford,
76431,Chico,Wise,
76432,Blanket,Brown,
76433,Bluff Dale,Erath,
76435,Carbon,Eastland,
76436,Carlton,Hamilton,
76437,Cisco,Eastland,
76439,Dennis,Parker,
76442,Comanche,Comanche,
76443,Cross Plains,Callahan,
76444,De Leon,Comanche,
76445,Desdemona,Eastland,
76446,Dublin,Erath,
76448,Eastland,Eastland,
76449,Graford,Palo Pinto,
76450,Graham,Young,
76452,Energy,Comanche,
76453,Gordon,Palo Pinto,
76454,Gorman,Eastland,
76455,Gustine,Comanche,
76457,Hico,Hamilton,
76458,Jacksboro,Jack,
76459,Jermyn,Jack,
76460,Loving,Young,
76461,Lingleville,Erath,
76462,Lipan,Hood,
76463,Mingus,Palo Pinto,
76464,Moran,Shackelford,
76465,Morgan Mill,Erath,
76466,Olden,Eastland,
76467,Paluxy,Hood,
76468,Proctor,Comanche,
76469,Putnam,Callahan,
76470,Ranger,Eastland,
76471,Rising Star,Eastland,
76472,Santo,Palo Pinto,
76474,Sidney,Comanche,
76475,Strawn,Palo Pinto,
76476,Tolar,Hood,
76481,South Bend,Young,
76483,Throckmorton,Throckmorton,
76484,Palo Pinto,Palo Pinto,
76485,Peaster,Parker,
76486,Perrin,Jack,
76487,Poolville,Parker,
76490,Whitt,Parker,
76491,Woodson,Throckmorton,
76501,Temple,Bell,
76502,Temple,Bell,
76503,Temple,Bell,
76504,Temple,Bell,
76508,Temple,Bell,
76511,Bartlett,Bell,
76513,Belton,Bell,
76518,Buckholts,Milam,
76519,Burlington,Milam,
76520,Cameron,Milam,
76522,Copperas Cove,Coryell,
76523,Davilla,Milam,
76524,Eddy,Mclennan,
76525,Evant,Coryell,
76526,Flat,Coryell,
76527,Florence,Williamson,
76528,Gatesville,Coryell,
76530,Granger,Williamson,
76531,Hamilton,Hamilton,
76533,Heidenheimer,Bell,
76534,Holland,Bell,
76537,Jarrell,Williamson,
76538,Jonesboro,Coryell,
76539,Kempner,Lampasas,
76540,Killeen,Bell,
76541,Killeen,Bell,
76542,Killeen,Bell,
76543,Killeen,Bell,
76544,Fort Hood,Bell,
76547,Killeen,Bell,
76548,Harker Heights,Bell,
76549,Killeen,Bell,
76550,Lampasas,Lampasas,
76554,Little River Academy,Bell,
76556,Milano,Milam,
76557,Moody,Mclennan,
76558,Mound,Coryell,
76559,Nolanville,Bell,
76561,Oglesby,Coryell,
76564,Pendleton,Bell,
76565,Pottsville,Hamilton,
76566,Purmela,Coryell,
76567,Rockdale,Milam,
76569,Rogers,Bell,
76570,Rosebud,Falls,
76571,Salado,Bell,
76573,Schwertner,Williamson,
76574,Taylor,Williamson,
76577,Thorndale,Milam,
76578,Thrall,Williamson,
76579,Troy,Bell,
76596,Gatesville,Coryell,
76597,Gatesville,Coryell,
76598,Gatesville,Coryell,
76599,Gatesville,Coryell,
76621,Abbott,Hill,
76622,Aquilla,Hill,
76623,Avalon,Ellis,
76624,Axtell,Mclennan,
76626,Blooming Grove,Navarro,
76627,Blum,Hill,
76628,Brandon,Hill,
76629,Bremond,Robertson,
76630,Bruceville,Mclennan,
76631,Bynum,Hill,
76632,Chilton,Falls,
76633,China Spring,Mclennan,
76634,Clifton,Bosque,
76635,Coolidge,Limestone,
76636,Covington,Hill,
76637,Cranfills Gap,Bosque,
76638,Crawford,Mclennan,
76639,Dawson,Navarro,
76640,Elm Mott,Mclennan,
76641,Frost,Navarro,
76642,Groesbeck,Limestone,
76643,Hewitt,Mclennan,
76644,Laguna Park,Bosque,
76645,Hillsboro,Hill,
76648,Hubbard,Hill,
76649,Iredell,Bosque,
76650,Irene,Hill,
76651,Italy,Ellis,
76652,Kopperl,Bosque,
76653,Kosse,Limestone,
76654,Leroy,Mclennan,
76655,Lorena,Mclennan,
76656,Lott,Falls,
76657,Mc Gregor,Mclennan,
76660,Malone,Hill,
76661,Marlin,Falls,
76664,Mart,Mclennan,
76665,Meridian,Bosque,
76666,Mertens,Hill,
76667,Mexia,Limestone,
76670,Milford,Ellis,
76671,Morgan,Bosque,
76673,Mount Calm,Hill,
76676,Penelope,Hill,
76678,Prairie Hill,Limestone,
76679,Purdon,Navarro,
76680,Reagan,Falls,
76681,Richland,Navarro,
76682,Riesel,Mclennan,
76684,Ross,Mclennan,
76685,Satin,Falls,
76686,Tehuacana,Limestone,
76687,Thornton,Limestone,
76689,Valley Mills,Bosque,
76690,Walnut Springs,Bosque,
76691,West,Mclennan,
76692,Whitney,Hill,
76693,Wortham,Freestone,
76701,Waco,Mclennan,
76702,Waco,Mclennan,
76703,Waco,Mclennan,
76704,Waco,Mclennan,
76705,Waco,Mclennan,
76706,Waco,Mclennan,
76707,Waco,Mclennan,
76708,Waco,Mclennan,
76710,Waco,Mclennan,
76711,Waco,Mclennan,
76712,Woodway,Mclennan,
76714,Waco,Mclennan,
76715,Waco,Mclennan,
76716,Waco,Mclennan,
76797,Waco,Mclennan,
76798,Waco,Mclennan,
76799,Waco,Mclennan,
76801,Brownwood,Brown,
76802,Early,Brown,
76803,Early,Brown,
76804,Brownwood,Brown,
76820,Art,Mason,
76821,Ballinger,Runnels,
76823,Bangs,Brown,
76824,Bend,San Saba,
76825,Brady,Mcculloch,
76827,Brookesmith,Brown,
76828,Burkett,Coleman,
76831,Castell,Llano,
76832,Cherokee,San Saba,
76834,Coleman,Coleman,
76836,Doole,Mcculloch,
76837,Eden,Concho,
76841,Fort Mc Kavett,Menard,
76842,Fredonia,Mason,
76844,Goldthwaite,Mills,
76845,Gouldbusk,Coleman,
76848,Hext,Menard,
76849,Junction,Kimble,
76852,Lohn,Mcculloch,
76853,Lometa,Lampasas,
76854,London,Kimble,
76855,Lowake,Concho,
76856,Mason,Mason,
76857,May,Brown,
76858,Melvin,Mcculloch,
76859,Menard,Menard,
76861,Miles,Runnels,
76862,Millersview,Concho,
76864,Mullin,Mills,
76865,Norton,Runnels,
76866,Paint Rock,Concho,
76869,Pontotoc,Mason,
76870,Priddy,Mills,
76871,Richland Springs,San Saba,
76872,Rochelle,Mcculloch,
76873,Rockwood,Coleman,
76874,Roosevelt,Kimble,
76875,Rowena,Runnels,
76877,San Saba,San Saba,
76878,Santa Anna,Coleman,
76880,Star,Mills,
76882,Talpa,Coleman,
76883,Telegraph,Edwards,
76884,Valera,Coleman,
76885,Valley Spring,Llano,
76886,Veribest,Tom Green,
76887,Voca,Mcculloch,
76888,Voss,Coleman,
76890,Zephyr,Brown,
76901,San Angelo,Tom Green,
76902,San Angelo,Tom Green,
76903,San Angelo,Tom Green,
76904,San Angelo,Tom Green,
76905,San Angelo,Tom Green,
76906,San Angelo,Tom Green,
76908,Goodfellow AFB,Tom Green,
76909,San Angelo,Tom Green,
76930,Barnhart,Irion,
76932,Big Lake,Reagan,
76933,Bronte,Coke,
76934,Carlsbad,Tom Green,
76935,Christoval,Tom Green,
76936,Eldorado,Schleicher,
76937,Eola,Concho,
76939,Knickerbocker,Tom Green,
76940,Mereta,Tom Green,
76941,Mertzon,Irion,
76943,Ozona,Crockett,
76945,Robert Lee,Coke,
76949,Silver,Coke,
76950,Sonora,Sutton,
76951,Sterling City,Sterling,
76953,Tennyson,Coke,
76955,Vancourt,Tom Green,
76957,Wall,Tom Green,
76958,Water Valley,Tom Green,
77001,Houston,Harris,
77002,Houston,Harris,
77003,Houston,Harris,
77004,Houston,Harris,
77005,Houston,Harris,
77006,Houston,Harris,
77007,Houston,Harris,
77008,Houston,Harris,
77009,Houston,Harris,
77010,Houston,Harris,
77011,Houston,Harris,
77012,Houston,Harris,
77013,Houston,Harris,
77014,Houston,Harris,
77015,Houston,Harris,
77016,Houston,Harris,
77017,Houston,Harris,
77018,Houston,Harris,
77019,Houston,Harris,
77020,Houston,Harris,
77021,Houston,Harris,
77022,Houston,Harris,
77023,Houston,Harris,
77024,Houston,Harris,
77025,Houston,Harris,
77026,Houston,Harris,
77027,Houston,Harris,
77028,Houston,Harris,
77029,Houston,Harris,
77030,Houston,Harris,
77031,Houston,Harris,
77032,Houston,Harris,
77033,Houston,Harris,
77034,Houston,Harris,
77035,Houston,Harris,
77036,Houston,Harris,
77037,Houston,Harris,
77038,Houston,Harris,
77039,Houston,Harris,
77040,Houston,Harris,
77041,Houston,Harris,
77042,Houston,Harris,
77043,Houston,Harris,
77044,Houston,Harris,
77045,Houston,Harris,
77046,Houston,Harris,
77047,Houston,Harris,
77048,Houston,Harris,
77049,Houston,Harris,
77050,Houston,Harris,
77051,Houston,Harris,
77052,Houston,Harris,
77053,Houston,Fort Bend,
77054,Houston,Harris,
77055,Houston,Harris,
77056,Houston,Harris,
77057,Houston,Harris,
77058,Houston,Harris,
77059,Houston,Harris,
77060,Houston,Harris,
77061,Houston,Harris,
77062,Houston,Harris,
77063,Houston,Harris,
77064,Houston,Harris,
77065,Houston,Harris,
77066,Houston,Harris,
77067,Houston,Harris,
77068,Houston,Harris,
77069,Houston,Harris,
77070,Houston,Harris,
77071,Houston,Harris,
77072,Houston,Harris,
77073,Houston,Harris,
77074,Houston,Harris,
77075,Houston,Harris,
77076,Houston,Harris,
77077,Houston,Harris,
77078,Houston,Harris,
77079,Houston,Harris,
77080,Houston,Harris,
77081,Houston,Harris,
77082,Houston,Harris,
77083,Houston,Harris,
77084,Houston,Harris,
77085,Houston,Harris,
77086,Houston,Harris,
77087,Houston,Harris,
77088,Houston,Harris,
77089,Houston,Harris,
77090,Houston,Harris,
77091,Houston,Harris,
77092,Houston,Harris,
77093,Houston,Harris,
77094,Houston,Harris,
77095,Houston,Harris,
77096,Houston,Harris,
77098,Houston,Harris,
77099,Houston,Harris,
77201,Houston,Harris,
77202,Houston,Harris,
77203,Houston,Harris,
77204,Houston,Harris,
77205,Houston,Harris,
77206,Houston,Harris,
77207,Houston,Harris,
77208,Houston,Harris,
77209,Houston,Harris,
77210,Houston,Harris,
77212,Houston,Harris,
77213,Houston,Harris,
77215,Houston,Harris,
77216,Houston,Harris,
77217,Houston,Harris,
77218,Houston,Harris,
77219,Houston,Harris,
77220,Houston,Harris,
77221,Houston,Harris,
77222,Houston,Harris,
77223,Houston,Harris,
77224,Houston,Harris,
77225,Houston,Harris,
77226,Houston,Harris,
77227,Houston,Harris,
77228,Houston,Harris,
77229,Houston,Harris,
77230,Houston,Harris,
77231,Houston,Harris,
77233,Houston,Harris,
77234,Houston,Harris,
77235,Houston,Harris,
77236,Houston,Harris,
77237,Houston,Harris,
77238,Houston,Harris,
77240,Houston,Harris,
77241,Houston,Harris,
77242,Houston,Harris,
77243,Houston,Harris,
77244,Houston,Harris,
77245,Houston,Harris,
77248,Houston,Harris,
77249,Houston,Harris,
77251,Houston,Harris,
77252,Houston,Harris,
77253,Houston,Harris,
77254,Houston,Harris,
77255,Houston,Harris,
77256,Houston,Harris,
77257,Houston,Harris,
77258,Houston,Harris,
77259,Houston,Harris,
77261,Houston,Harris,
77262,Houston,Harris,
77263,Houston,Harris,
77265,Houston,Harris,
77266,Houston,Harris,
77267,Houston,Harris,
77268,Houston,Harris,
77269,Houston,Harris,
77270,Houston,Harris,
77271,Houston,Harris,
77272,Houston,Harris,
77273,Houston,Harris,
77274,Houston,Harris,
77275,Houston,Harris,
77277,Houston,Harris,
77279,Houston,Harris,
77280,Houston,Harris,
77282,Houston,Harris,
77284,Houston,Harris,
77287,Houston,Harris,
77288,Houston,Harris,
77289,Houston,Harris,
77290,Houston,Harris,
77291,Houston,Harris,
77292,Houston,Harris,
77293,Houston,Harris,
77297,Houston,Harris,
77299,Houston,Harris,
77301,Conroe,Montgomery,
77302,Conroe,Montgomery,
77303,Conroe,Montgomery,
77304,Conroe,Montgomery,
77305,Conroe,Montgomery,
77306,Conroe,Montgomery,
77315,North Houston,Harris,
77316,Montgomery,Montgomery,
77318,Willis,Montgomery,
77320,Huntsville,Walker,
77325,Kingwood,Harris,
77326,Ace,Polk,
77327,Cleveland,Liberty,
77328,Cleveland,Liberty,
77331,Coldspring,San Jacinto,
77332,Dallardsville,Polk,
77333,Dobbin,Montgomery,
77334,Dodge,Walker,
77335,Goodrich,Polk,
77336,Huffman,Harris,
77337,Hufsmith,Harris,
77338,Humble,Harris,
77339,Kingwood,Harris,
77340,Huntsville,Walker,
77341,Huntsville,Walker,
77342,Huntsville,Walker,
77343,Huntsville,Walker,
77344,Huntsville,Walker,
77345,Kingwood,Harris,
77346,Humble,Harris,
77347,Humble,Harris,
77348,Huntsville,Walker,
77349,Huntsville,Walker,
77350,Leggett,Polk,
77351,Livingston,Polk,
77353,Magnolia,Montgomery,
77354,Magnolia,Montgomery,
77355,Magnolia,Montgomery,
77356,Montgomery,Montgomery,
77357,New Caney,Montgomery,
77358,New Waverly,Walker,
77359,Oakhurst,San Jacinto,
77360,Onalaska,Polk,
77362,Pinehurst,Montgomery,
77363,Plantersville,Grimes,
77364,Pointblank,San Jacinto,
77365,Porter,Montgomery,
77367,Riverside,Walker,
77368,Romayor,Liberty,
77369,Rye,Liberty,
77371,Shepherd,San Jacinto,
77372,Splendora,Montgomery,
77373,Spring,Harris,
77374,Thicket,Hardin,
77375,Tomball,Harris,
77376,Votaw,Hardin,
77377,Tomball,Harris,
77378,Willis,Montgomery,
77379,Spring,Harris,
77380,Spring,Montgomery,
77381,Spring,Montgomery,
77382,Spring,Montgomery,
77383,Spring,Harris,
77384,Conroe,Montgomery,
77385,Conroe,Montgomery,
77386,Spring,Montgomery,
77387,Spring,Montgomery,
77388,Spring,Harris,
77389,Spring,Harris,
77391,Spring,Harris,
77393,Spring,Montgomery,
77396,Humble,Harris,
77399,Livingston,Polk,
77401,Bellaire,Harris,
77402,Bellaire,Harris,
77404,Bay City,Matagorda,
77406,Richmond,Fort Bend,
77407,Richmond,Fort Bend,
77410,Cypress,Harris,
77411,Alief,Harris,
77412,Altair,Colorado,
77413,Barker,Harris,
77414,Bay City,Matagorda,
77415,Cedar Lane,Matagorda,
77417,Beasley,Fort Bend,
77418,Bellville,Austin,
77419,Blessing,Matagorda,
77420,Boling,Wharton,
77422,Brazoria,Brazoria,
77423,Brookshire,Waller,
77426,Chappell Hill,Washington,
77428,Collegeport,Matagorda,
77429,Cypress,Harris,
77430,Damon,Brazoria,
77431,Danciger,Brazoria,
77432,Danevang,Wharton,
77433,Cypress,Harris,
77434,Eagle Lake,Colorado,
77435,East Bernard,Wharton,
77436,Egypt,Wharton,
77437,El Campo,Wharton,
77440,Elmaton,Matagorda,
77441,Fulshear,Fort Bend,
77442,Garwood,Colorado,
77443,Glen Flora,Wharton,
77444,Guy,Fort Bend,
77445,Hempstead,Waller,
77446,Prairie View,Waller,
77447,Hockley,Harris,
77448,Hungerford,Wharton,
77449,Katy,Harris,
77450,Katy,Harris,
77451,Kendleton,Fort Bend,
77452,Kenney,Austin,
77453,Lane City,Wharton,
77454,Lissie,Wharton,
77455,Louise,Wharton,
77456,Markham,Matagorda,
77457,Matagorda,Matagorda,
77458,Midfield,Matagorda,
77459,Missouri City,Fort Bend,
77460,Nada,Colorado,
77461,Needville,Fort Bend,
77463,Old Ocean,Brazoria,
77464,Orchard,Fort Bend,
77465,Palacios,Matagorda,
77466,Pattison,Waller,
77467,Pierce,Wharton,
77468,Pledger,Matagorda,
77469,Richmond,Fort Bend,
77470,Rock Island,Colorado,
77471,Rosenberg,Fort Bend,
77473,San Felipe,Austin,
77474,Sealy,Austin,
77475,Sheridan,Colorado,
77476,Simonton,Fort Bend,
77477,Stafford,Fort Bend,
77478,Sugar Land,Fort Bend,
77479,Sugar Land,Fort Bend,
77480,Sweeny,Brazoria,
77481,Thompsons,Fort Bend,
77482,Van Vleck,Matagorda,
77483,Wadsworth,Matagorda,
77484,Waller,Harris,
77485,Wallis,Austin,
77486,West Columbia,Brazoria,
77487,Sugar Land,Fort Bend,
77488,Wharton,Wharton,
77489,Missouri City,Fort Bend,
77491,Katy,Harris,
77492,Katy,Harris,
77493,Katy,Harris,
77494,Katy,Fort Bend,
77496,Sugar Land,Fort Bend,
77497,Stafford,Fort Bend,
77498,Sugar Land,Fort Bend,
77501,Pasadena,Harris,
77502,Pasadena,Harris,
77503,Pasadena,Harris,
77504,Pasadena,Harris,
77505,Pasadena,Harris,
77506,Pasadena,Harris,
77507,Pasadena,Harris,
77508,Pasadena,Harris,
77510,Santa Fe,Galveston,
77511,Alvin,Brazoria,
77512,Alvin,Brazoria,
77514,Anahuac,Chambers,
77515,Angleton,Brazoria,
77516,Angleton,Brazoria,
77517,Santa Fe,Galveston,
77518,Bacliff,Galveston,
77519,Batson,Hardin,
77520,Baytown,Harris,
77521,Baytown,Harris,
77522,Baytown,Harris,
77523,Baytown,Chambers,
77530,Channelview,Harris,
77531,Clute,Brazoria,
77532,Crosby,Harris,
77533,Daisetta,Liberty,
77534,Danbury,Brazoria,
77535,Dayton,Liberty,
77536,Deer Park,Harris,
77538,Devers,Liberty,
77539,Dickinson,Galveston,
77541,Freeport,Brazoria,
77542,Freeport,Brazoria,
77545,Fresno,Fort Bend,
77546,Friendswood,Galveston,
77547,Galena Park,Harris,
77549,Friendswood,Galveston,
77550,Galveston,Galveston,
77551,Galveston,Galveston,
77552,Galveston,Galveston,
77553,Galveston,Galveston,
77554,Galveston,Galveston,
77555,Galveston,Galveston,
77560,Hankamer,Chambers,
77561,Hardin,Liberty,
77562,Highlands,Harris,
77563,Hitchcock,Galveston,
77564,Hull,Liberty,
77565,Kemah,Galveston,
77566,Lake Jackson,Brazoria,
77568,La Marque,Galveston,
77571,La Porte,Harris,
77572,La Porte,Harris,
77573,League City,Galveston,
77574,League City,Galveston,
77575,Liberty,Liberty,
77577,Liverpool,Brazoria,
77578,Manvel,Brazoria,
77580,Mont Belvieu,Chambers,
77581,Pearland,Brazoria,
77582,Raywood,Liberty,
77583,Rosharon,Brazoria,
77584,Pearland,Brazoria,
77585,Saratoga,Hardin,
77586,Seabrook,Harris,
77587,South Houston,Harris,
77588,Pearland,Brazoria,
77590,Texas City,Galveston,
77591,Texas City,Galveston,
77592,Texas City,Galveston,
77597,Wallisville,Chambers,
77598,Webster,Harris,
77611,Bridge City,Orange,
77612,Buna,Jasper,
77613,China,Jefferson,
77614,Deweyville,Newton,
77615,Evadale,Jasper,
77616,Fred,Tyler,
77617,Gilchrist,Galveston,
77619,Groves,Jefferson,
77622,Hamshire,Jefferson,
77623,High Island,Galveston,
77624,Hillister,Tyler,
77625,Kountze,Hardin,
77626,Mauriceville,Orange,
77627,Nederland,Jefferson,
77629,Nome,Jefferson,
77630,Orange,Orange,
77631,Orange,Orange,
77632,Orange,Orange,
77639,Orangefield,Orange,
77640,Port Arthur,Jefferson,
77641,Port Arthur,Jefferson,
77642,Port Arthur,Jefferson,
77643,Port Arthur,Jefferson,
77650,Port Bolivar,Galveston,
77651,Port Neches,Jefferson,
77655,Sabine Pass,Jefferson,
77656,Silsbee,Hardin,
77657,Lumberton,Hardin,
77659,Sour Lake,Hardin,
77660,Spurger,Tyler,
77661,Stowell,Chambers,
77662,Vidor,Orange,
77663,Village Mills,Hardin,
77664,Warren,Tyler,
77665,Winnie,Chambers,
77670,Vidor,Orange,
77701,Beaumont,Jefferson,
77702,Beaumont,Jefferson,
77703,Beaumont,Jefferson,
77704,Beaumont,Jefferson,
77705,Beaumont,Jefferson,
77706,Beaumont,Jefferson,
77707,Beaumont,Jefferson,
77708,Beaumont,Jefferson,
77710,Beaumont,Jefferson,
77713,Beaumont,Jefferson,
77720,Beaumont,Jefferson,
77725,Beaumont,Jefferson,
77726,Beaumont,Jefferson,
77801,Bryan,Brazos,
77802,Bryan,Brazos,
77803,Bryan,Brazos,
77805,Bryan,Brazos,
77806,Bryan,Brazos,
77807,Bryan,Brazos,
77808,Bryan,Brazos,
77830,Anderson,Grimes,
77831,Bedias,Grimes,
77833,Brenham,Washington,
77834,Brenham,Washington,
77835,Burton,Washington,
77836,Caldwell,Burleson,
77837,Calvert,Robertson,
77838,Chriesman,Burleson,
77840,College Station,Brazos,
77841,College Station,Brazos,
77842,College Station,Brazos,
77843,College Station,Brazos,
77844,College Station,Brazos,
77845,College Station,Brazos,
77850,Concord,Leon,
77852,Deanville,Burleson,
77853,Dime Box,Lee,
77855,Flynn,Leon,
77856,Franklin,Robertson,
77857,Gause,Milam,
77859,Hearne,Robertson,
77861,Iola,Grimes,
77862,Kurten,Brazos,
77863,Lyons,Burleson,
77864,Madisonville,Madison,
77865,Marquez,Leon,
77866,Millican,Brazos,
77867,Mumford,Robertson,
77868,Navasota,Grimes,
77870,New Baden,Robertson,
77871,Normangee,Leon,
77872,North Zulch,Madison,
77873,Richards,Grimes,
77875,Roans Prairie,Grimes,
77876,Shiro,Grimes,
77878,Snook,Burleson,
77879,Somerville,Burleson,
77880,Washington,Washington,
77881,Wellborn,Brazos,
77882,Wheelock,Robertson,
77901,Victoria,Victoria,
77902,Victoria,Victoria,
77903,Victoria,Victoria,
77904,Victoria,Victoria,
77905,Victoria,Victoria,
77950,Austwell,Refugio,
77951,Bloomington,Victoria,
77954,Cuero,De Witt,
77957,Edna,Jackson,
77960,Fannin,Goliad,
77961,Francitas,Jackson,
77962,Ganado,Jackson,
77963,Goliad,Goliad,
77964,Hallettsville,Lavaca,
77967,Hochheim,De Witt,
77968,Inez,Victoria,
77969,La Salle,Jackson,
77970,La Ward,Jackson,
77971,Lolita,Jackson,
77973,Mcfaddin,Victoria,
77974,Meyersville,De Witt,
77975,Moulton,Lavaca,
77976,Nursery,Victoria,
77977,Placedo,Victoria,
77978,Point Comfort,Calhoun,
77979,Port Lavaca,Calhoun,
77982,Port O Connor,Calhoun,
77983,Seadrift,Calhoun,
77984,Shiner,Lavaca,
77986,Sublime,Lavaca,
77987,Sweet Home,Lavaca,
77988,Telferner,Victoria,
77989,Thomaston,De Witt,
77990,Tivoli,Refugio,
77991,Vanderbilt,Jackson,
77993,Weesatche,Goliad,
77994,Westhoff,De Witt,
77995,Yoakum,Lavaca,
78001,Artesia Wells,La Salle,
78002,Atascosa,Bexar,
78003,Bandera,Bandera,
78004,Bergheim,Kendall,
78005,Bigfoot,Frio,
78006,Boerne,Kendall,
78007,Calliham,Mcmullen,
78008,Campbellton,Atascosa,
78009,Castroville,Medina,
78010,Center Point,Kerr,
78011,Charlotte,Atascosa,
78012,Christine,Atascosa,
78013,Comfort,Kendall,
78014,Cotulla,La Salle,
78015,Boerne,Kendall,
78016,Devine,Medina,
78017,Dilley,Frio,
78019,Encinal,La Salle,
78021,Fowlerton,La Salle,
78022,George West,Live Oak,
78023,Helotes,Bexar,
78024,Hunt,Kerr,
78025,Ingram,Kerr,
78026,Jourdanton,Atascosa,
78027,Kendalia,Kendall,
78028,Kerrville,Kerr,
78029,Kerrville,Kerr,
78039,La Coste,Medina,
78040,Laredo,Webb,
78041,Laredo,Webb,
78042,Laredo,Webb,
78043,Laredo,Webb,
78044,Laredo,Webb,
78045,Laredo,Webb,
78046,Laredo,Webb,
78050,Leming,Atascosa,
78052,Lytle,Atascosa,
78054,Macdona,Bexar,
78055,Medina,Bandera,
78056,Mico,Medina,
78057,Moore,Frio,
78058,Mountain Home,Kerr,
78059,Natalia,Medina,
78060,Oakville,Live Oak,
78061,Pearsall,Frio,
78062,Peggy,Atascosa,
78063,Pipe Creek,Bandera,
78064,Pleasanton,Atascosa,
78065,Poteet,Atascosa,
78066,Rio Medina,Medina,
78067,San Ygnacio,Zapata,
78069,Somerset,Bexar,
78070,Spring Branch,Comal,
78071,Three Rivers,Live Oak,
78072,Tilden,Mcmullen,
78073,Von Ormy,Bexar,
78074,Waring,Kendall,
78075,Whitsett,Live Oak,
78076,Zapata,Zapata,
78101,Adkins,Bexar,
78102,Beeville,Bee,
78104,Beeville,Bee,
78107,Berclair,Goliad,
78108,Cibolo,Guadalupe,
78109,Converse,Bexar,
78111,Ecleto,Karnes,
78112,Elmendorf,Bexar,
78113,Falls City,Karnes,
78114,Floresville,Wilson,
78115,Geronimo,Guadalupe,
78116,Gillett,Karnes,
78117,Hobson,Karnes,
78118,Karnes City,Karnes,
78119,Kenedy,Karnes,
78121,La Vernia,Wilson,
78122,Leesville,Gonzales,
78123,Mc Queeney,Guadalupe,
78124,Marion,Guadalupe,
78125,Mineral,Bee,
78130,New Braunfels,Comal,
78131,New Braunfels,Comal,
78132,New Braunfels,Comal,
78133,Canyon Lake,Comal,
78135,New Braunfels,Comal,
78140,Nixon,Gonzales,
78141,Nordheim,De Witt,
78142,Normanna,Bee,
78143,Pandora,Wilson,
78144,Panna Maria,Karnes,
78145,Pawnee,Bee,
78146,Pettus,Bee,
78147,Poth,Wilson,
78148,Universal City,Bexar,
78150,Jbsa Randolph,Bexar,
78151,Runge,Karnes,
78152,Saint Hedwig,Bexar,
78154,Schertz,Guadalupe,
78155,Seguin,Guadalupe,
78156,Seguin,Guadalupe,
78159,Smiley,Gonzales,
78160,Stockdale,Wilson,
78161,Sutherland Springs,Wilson,
78162,Tuleta,Bee,
78163,Bulverde,Comal,
78164,Yorktown,De Witt,
78201,San Antonio,Bexar,
78202,San Antonio,Bexar,
78203,San Antonio,Bexar,
78204,San Antonio,Bexar,
78205,San Antonio,Bexar,
78206,San Antonio,Bexar,
78207,San Antonio,Bexar,
78208,San Antonio,Bexar,
78209,San Antonio,Bexar,
78210,San Antonio,Bexar,
78211,San Antonio,Bexar,
78212,San Antonio,Bexar,
78213,San Antonio,Bexar,
78214,San Antonio,Bexar,
78215,San Antonio,Bexar,
78216,San Antonio,Bexar,
78217,San Antonio,Bexar,
78218,San Antonio,Bexar,
78219,San Antonio,Bexar,
78220,San Antonio,Bexar,
78221,San Antonio,Bexar,
78222,San Antonio,Bexar,
78223,San Antonio,Bexar,
78224,San Antonio,Bexar,
78225,San Antonio,Bexar,
78226,San Antonio,Bexar,
78227,San Antonio,Bexar,
78228,San Antonio,Bexar,
78229,San Antonio,Bexar,
78230,San Antonio,Bexar,
78231,San Antonio,Bexar,
78232,San Antonio,Bexar,
78233,San Antonio,Bexar,
78234,Jbsa Ft Sam Houston,Bexar,
78235,San Antonio,Bexar,
78236,Jbsa Lackland,Bexar,
78237,San Antonio,Bexar,
78238,San Antonio,Bexar,
78239,San Antonio,Bexar,
78240,San Antonio,Bexar,
78241,San Antonio,Bexar,
78242,San Antonio,Bexar,
78243,San Antonio,Bexar,
78244,San Antonio,Bexar,
78245,San Antonio,Bexar,
78246,San Antonio,Bexar,
78247,San Antonio,Bexar,
78248,San Antonio,Bexar,
78249,San Antonio,Bexar,
78250,San Antonio,Bexar,
78251,San Antonio,Bexar,
78252,San Antonio,Bexar,
78253,San Antonio,Bexar,
78254,San Antonio,Bexar,
78255,San Antonio,Bexar,
78256,San Antonio,Bexar,
78257,San Antonio,Bexar,
78258,San Antonio,Bexar,
78259,San Antonio,Bexar,
78260,San Antonio,Bexar,
78261,San Antonio,Bexar,
78263,San Antonio,Bexar,
78264,San Antonio,Bexar,
78265,San Antonio,Bexar,
78266,San Antonio,Comal,
78268,San Antonio,Bexar,
78269,San Antonio,Bexar,
78270,San Antonio,Bexar,
78278,San Antonio,Bexar,
78279,San Antonio,Bexar,
78280,San Antonio,Bexar,
78283,San Antonio,Bexar,
78284,San Antonio,Bexar,
78285,San Antonio,Bexar,
78288,San Antonio,Bexar,
78289,San Antonio,Bexar,
78291,San Antonio,Bexar,
78292,San Antonio,Bexar,
78293,San Antonio,Bexar,
78294,San Antonio,Bexar,
78295,San Antonio,Bexar,
78296,San Antonio,Bexar,
78297,San Antonio,Bexar,
78298,San Antonio,Bexar,
78299,San Antonio,Bexar,
78330,Agua Dulce,Nueces,
78332,Alice,Jim Wells,
78333,Alice,Jim Wells,
78335,Aransas Pass,San Patricio,
78336,Aransas Pass,San Patricio,
78338,Armstrong,Kenedy,
78339,Banquete,Nueces,
78340,Bayside,Refugio,
78341,Benavides,Duval,
78342,Ben Bolt,Jim Wells,
78343,Bishop,Nueces,
78344,Bruni,Webb,
78347,Chapman Ranch,Nueces,
78349,Concepcion,Duval,
78350,Dinero,Live Oak,
78351,Driscoll,Nueces,
78352,Edroy,San Patricio,
78353,Encino,Brooks,
78355,Falfurrias,Brooks,
78357,Freer,Duval,
78358,Fulton,Aransas,
78359,Gregory,San Patricio,
78360,Guerra,Jim Hogg,
78361,Hebbronville,Jim Hogg,
78362,Ingleside,San Patricio,
78363,Kingsville,Kleberg,
78364,Kingsville,Kleberg,
78368,Mathis,San Patricio,
78369,Mirando City,Webb,
78370,Odem,San Patricio,
78371,Oilton,Webb,
78372,Orange Grove,Jim Wells,
78373,Port Aransas,Nueces,
78374,Portland,San Patricio,
78375,Premont,Jim Wells,
78376,Realitos,Duval,
78377,Refugio,Refugio,
78379,Riviera,Kleberg,
78380,Robstown,Nueces,
78381,Rockport,Aransas,
78382,Rockport,Aransas,
78383,Sandia,Jim Wells,
78384,San Diego,Duval,
78385,Sarita,Kenedy,
78387,Sinton,San Patricio,
78389,Skidmore,Bee,
78390,Taft,San Patricio,
78391,Tynan,Bee,
78393,Woodsboro,Refugio,
78401,Corpus Christi,Nueces,
78402,Corpus Christi,Nueces,
78403,Corpus Christi,Nueces,
78404,Corpus Christi,Nueces,
78405,Corpus Christi,Nueces,
78406,Corpus Christi,Nueces,
78407,Corpus Christi,Nueces,
78408,Corpus Christi,Nueces,
78409,Corpus Christi,Nueces,
78410,Corpus Christi,Nueces,
78411,Corpus Christi,Nueces,
78412,Corpus Christi,Nueces,
78413,Corpus Christi,Nueces,
78414,Corpus Christi,Nueces,
78415,Corpus Christi,Nueces,
78416,Corpus Christi,Nueces,
78417,Corpus Christi,Nueces,
78418,Corpus Christi,Nueces,
78419,Corpus Christi,Nueces,
78426,Corpus Christi,Nueces,
78427,Corpus Christi,Nueces,
78460,Corpus Christi,Nueces,
78463,Corpus Christi,Nueces,
78465,Corpus Christi,Nueces,
78466,Corpus Christi,Nueces,
78467,Corpus Christi,Nueces,
78468,Corpus Christi,Nueces,
78469,Corpus Christi,Nueces,
78472,Corpus Christi,Nueces,
78480,Corpus Christi,Nueces,
78501,Mcallen,Hidalgo,
78502,Mcallen,Hidalgo,
78503,Mcallen,Hidalgo,
78504,Mcallen,Hidalgo,
78505,Mcallen,Hidalgo,
78516,Alamo,Hidalgo,
78520,Brownsville,Cameron,
78521,Brownsville,Cameron,
78522,Brownsville,Cameron,
78523,Brownsville,Cameron,
78526,Brownsville,Cameron,
78535,Combes,Cameron,
78536,Delmita,Starr,
78537,Donna,Hidalgo,
78538,Edcouch,Hidalgo,
78539,Edinburg,Hidalgo,
78540,Edinburg,Hidalgo,
78541,Edinburg,Hidalgo,
78542,Edinburg,Hidalgo,
78543,Elsa,Hidalgo,
78545,Falcon Heights,Starr,
78547,Garciasville,Starr,
78548,Grulla,Starr,
78549,Hargill,Hidalgo,
78550,Harlingen,Cameron,
78551,Harlingen,Cameron,
78552,Harlingen,Cameron,
78553,Harlingen,Cameron,
78557,Hidalgo,Hidalgo,
78558,La Blanca,Hidalgo,
78559,La Feria,Cameron,
78560,La Joya,Hidalgo,
78561,Lasara,Willacy,
78562,La Villa,Hidalgo,
78563,Linn,Hidalgo,
78564,Lopeno,Zapata,
78565,Los Ebanos,Hidalgo,
78566,Los Fresnos,Cameron,
78567,Los Indios,Cameron,
78568,Lozano,Cameron,
78569,Lyford,Willacy,
78570,Mercedes,Hidalgo,
78572,Mission,Hidalgo,
78573,Mission,Hidalgo,
78574,Mission,Hidalgo,
78575,Olmito,Cameron,
78576,Penitas,Hidalgo,
78577,Pharr,Hidalgo,
78578,Port Isabel,Cameron,
78579,Progreso,Hidalgo,
78580,Raymondville,Willacy,
78582,Rio Grande City,Starr,
78583,Rio Hondo,Cameron,
78584,Roma,Starr,
78585,Salineno,Starr,
78586,San Benito,Cameron,
78588,San Isidro,Starr,
78589,San Juan,Hidalgo,
78590,San Perlita,Willacy,
78591,Santa Elena,Starr,
78592,Santa Maria,Cameron,
78593,Santa Rosa,Cameron,
78594,Sebastian,Willacy,
78595,Sullivan City,Hidalgo,
78596,Weslaco,Hidalgo,
78597,South Padre Island,Cameron,
78598,Port Mansfield,Willacy,
78599,Weslaco,Hidalgo,
78602,Bastrop,Bastrop,
78604,Belmont,Gonzales,
78605,Bertram,Burnet,
78606,Blanco,Blanco,
78607,Bluffton,Llano,
78608,Briggs,Burnet,
78609,Buchanan Dam,Llano,
78610,Buda,Hays,
78611,Burnet,Burnet,
78612,Cedar Creek,Bastrop,
78613,Cedar Park,Williamson,
78614,Cost,Gonzales,
78615,Coupland,Williamson,
78616,Dale,Caldwell,
78617,Del Valle,Travis,
78618,Doss,Gillespie,
78619,Driftwood,Hays,
78620,Dripping Springs,Hays,
78621,Elgin,Bastrop,
78622,Fentress,Caldwell,
78623,Fischer,Comal,
78624,Fredericksburg,Gillespie,
78626,Georgetown,Williamson,
78627,Georgetown,Williamson,
78628,Georgetown,Williamson,
78629,Gonzales,Gonzales,
78630,Cedar Park,Williamson,
78631,Harper,Gillespie,
78632,Harwood,Gonzales,
78633,Georgetown,Williamson,
78634,Hutto,Williamson,
78635,Hye,Blanco,
78636,Johnson City,Blanco,
78638,Kingsbury,Guadalupe,
78639,Kingsland,Llano,
78640,Kyle,Hays,
78641,Leander,Williamson,
78642,Liberty Hill,Williamson,
78643,Llano,Llano,
78644,Lockhart,Caldwell,
78645,Leander,Travis,
78646,Leander,Williamson,
78648,Luling,Caldwell,
78650,Mc Dade,Bastrop,
78651,Mc Neil,Travis,
78652,Manchaca,Travis,
78653,Manor,Travis,
78654,Marble Falls,Burnet,
78655,Martindale,Caldwell,
78656,Maxwell,Caldwell,
78657,Horseshoe Bay,Llano,
78658,Ottine,Gonzales,
78659,Paige,Bastrop,
78660,Pflugerville,Travis,
78661,Prairie Lea,Caldwell,
78662,Red Rock,Bastrop,
78663,Round Mountain,Blanco,
78664,Round Rock,Williamson,
78665,Round Rock,Williamson,
78666,San Marcos,Hays,
78667,San Marcos,Hays,
78669,Spicewood,Travis,
78670,Staples,Guadalupe,
78671,Stonewall,Gillespie,
78672,Tow,Llano,
78673,Walburg,Williamson,
78674,Weir,Williamson,
78675,Willow City,Gillespie,
78676,Wimberley,Hays,
78677,Wrightsboro,Gonzales,
78680,Round Rock,Williamson,
78681,Round Rock,Williamson,
78682,Round Rock,Williamson,
78683,Round Rock,Williamson,
78691,Pflugerville,Travis,
78701,Austin,Travis,
78702,Austin,Travis,
78703,Austin,Travis,
78704,Austin,Travis,
78705,Austin,Travis,
78708,Austin,Travis,
78709,Austin,Travis,
78710,Austin,Travis,
78711,Austin,Travis,
78712,Austin,Travis,
78713,Austin,Travis,
78714,Austin,Travis,
78715,Austin,Travis,
78716,Austin,Travis,
78717,Austin,Williamson,
78718,Austin,Travis,
78719,Austin,Travis,
78720,Austin,Travis,
78721,Austin,Travis,
78722,Austin,Travis,
78723,Austin,Travis,
78724,Austin,Travis,
78725,Austin,Travis,
78726,Austin,Travis,
78727,Austin,Travis,
78728,Austin,Travis,
78729,Austin,Williamson,
78730,Austin,Travis,
78731,Austin,Travis,
78732,Austin,Travis,
78733,Austin,Travis,
78734,Austin,Travis,
78735,Austin,Travis,
78736,Austin,Travis,
78737,Austin,Hays,
78738,Austin,Travis,
78739,Austin,Travis,
78741,Austin,Travis,
78742,Austin,Travis,
78744,Austin,Travis,
78745,Austin,Travis,
78746,Austin,Travis,
78747,Austin,Travis,
78748,Austin,Travis,
78749,Austin,Travis,
78750,Austin,Travis,
78751,Austin,Travis,
78752,Austin,Travis,
78753,Austin,Travis,
78754,Austin,Travis,
78755,Austin,Travis,
78756,Austin,Travis,
78757,Austin,Travis,
78758,Austin,Travis,
78759,Austin,Travis,
78760,Austin,Travis,
78761,Austin,Travis,
78762,Austin,Travis,
78763,Austin,Travis,
78764,Austin,Travis,
78765,Austin,Travis,
78766,Austin,Travis,
78767,Austin,Travis,
78768,Austin,Travis,
78772,Austin,Travis,
78773,Austin,Travis,
78774,Austin,Travis,
78778,Austin,Travis,
78779,Austin,Travis,
78783,Austin,Travis,
78799,Austin,Travis,
78801,Uvalde,Uvalde,
78802,Uvalde,Uvalde,
78827,Asherton,Dimmit,
78828,Barksdale,Edwards,
78829,Batesville,Zavala,
78830,Big Wells,Dimmit,
78832,Brackettville,Kinney,
78833,Camp Wood,Real,
78834,Carrizo Springs,Dimmit,
78836,Catarina,Dimmit,
78837,Comstock,Val Verde,
78838,Concan,Uvalde,
78839,Crystal City,Zavala,
78840,Del Rio,Val Verde,
78841,Del Rio,Val Verde,
78842,Del Rio,Val Verde,
78843,Laughlin AFB,Val Verde,
78847,Del Rio,Val Verde,
78850,D Hanis,Medina,
78851,Dryden,Terrell,
78852,Eagle Pass,Maverick,
78853,Eagle Pass,Maverick,
78860,El Indio,Maverick,
78861,Hondo,Medina,
78870,Knippa,Uvalde,
78871,Langtry,Val Verde,
78872,La Pryor,Zavala,
78873,Leakey,Real,
78877,Quemado,Maverick,
78879,Rio Frio,Real,
78880,Rocksprings,Edwards,
78881,Sabinal,Uvalde,
78883,Tarpley,Bandera,
78884,Utopia,Uvalde,
78885,Vanderpool,Bandera,
78886,Yancey,Medina,
78931,Bleiblerville,Austin,
78932,Carmine,Fayette,
78933,Cat Spring,Austin,
78934,Columbus,Colorado,
78935,Alleyton,Colorado,
78938,Ellinger,Fayette,
78940,Fayetteville,Fayette,
78941,Flatonia,Fayette,
78942,Giddings,Lee,
78943,Glidden,Colorado,
78944,Industry,Austin,
78945,La Grange,Fayette,
78946,Ledbetter,Fayette,
78947,Lexington,Lee,
78948,Lincoln,Lee,
78949,Muldoon,Fayette,
78950,New Ulm,Austin,
78951,Oakland,Colorado,
78952,Plum,Fayette,
78953,Rosanky,Bastrop,
78954,Round Top,Fayette,
78956,Schulenburg,Fayette,
78957,Smithville,Bastrop,
78959,Waelder,Gonzales,
78960,Warda,Fayette,
78961,Warrenton,Fayette,
78962,Weimar,Colorado,
78963,West Point,Fayette,
79001,Adrian,Oldham,
79002,Alanreed,Gray,
79003,Allison,Wheeler,
79005,Booker,Lipscomb,
79007,Borger,Hutchinson,
79008,Borger,Hutchinson,
79009,Bovina,Parmer,
79010,Boys Ranch,Oldham,
79011,Briscoe,Wheeler,
79012,Bushland,Potter,
79013,Cactus,Moore,
79014,Canadian,Hemphill,
79015,Canyon,Randall,
79016,Canyon,Randall,
79018,Channing,Hartley,
79019,Claude,Armstrong,
79021,Cotton Center,Hale,
79022,Dalhart,Dallam,
79024,Darrouzett,Lipscomb,
79025,Dawn,Deaf Smith,
79027,Dimmitt,Castro,
79029,Dumas,Moore,
79031,Earth,Lamb,
79032,Edmonson,Hale,
79033,Farnsworth,Ochiltree,
79034,Follett,Lipscomb,
79035,Friona,Parmer,
79036,Fritch,Hutchinson,
79039,Groom,Carson,
79040,Gruver,Hansford,
79041,Hale Center,Hale,
79042,Happy,Swisher,
79043,Hart,Castro,
79044,Hartley,Hartley,
79045,Hereford,Deaf Smith,
79046,Higgins,Lipscomb,
79051,Kerrick,Dallam,
79052,Kress,Swisher,
79053,Lazbuddie,Parmer,
79054,Lefors,Gray,
79056,Lipscomb,Lipscomb,
79057,Mclean,Gray,
79058,Masterson,Moore,
79059,Miami,Roberts,
79061,Mobeetie,Wheeler,
79062,Morse,Hansford,
79063,Nazareth,Castro,
79064,Olton,Lamb,
79065,Pampa,Gray,
79066,Pampa,Gray,
79068,Panhandle,Carson,
79070,Perryton,Ochiltree,
79072,Plainview,Hale,
79073,Plainview,Hale,
79077,Samnorwood,Collingsworth,
79078,Sanford,Hutchinson,
79079,Shamrock,Wheeler,
79080,Skellytown,Carson,
79081,Spearman,Hansford,
79082,Springlake,Lamb,
79083,Stinnett,Hutchinson,
79084,Stratford,Sherman,
79085,Summerfield,Castro,
79086,Sunray,Moore,
79087,Texline,Dallam,
79088,Tulia,Swisher,
79091,Umbarger,Randall,
79092,Vega,Oldham,
79093,Waka,Ochiltree,
79094,Wayside,Armstrong,
79095,Wellington,Collingsworth,
79096,Wheeler,Wheeler,
79097,White Deer,Carson,
79098,Wildorado,Oldham,
79101,Amarillo,Potter,
79102,Amarillo,Potter,
79103,Amarillo,Potter,
79104,Amarillo,Potter,
79105,Amarillo,Potter,
79106,Amarillo,Potter,
79107,Amarillo,Potter,
79108,Amarillo,Potter,
79109,Amarillo,Randall,
79110,Amarillo,Randall,
79111,Amarillo,Potter,
79114,Amarillo,Randall,
79116,Amarillo,Potter,
79117,Amarillo,Potter,
79118,Amarillo,Randall,
79119,Amarillo,Randall,
79120,Amarillo,Potter,
79121,Amarillo,Randall,
79124,Amarillo,Potter,
79159,Amarillo,Potter,
79166,Amarillo,Potter,
79168,Amarillo,Potter,
79172,Amarillo,Potter,
79174,Amarillo,Potter,
79178,Amarillo,Potter,
79185,Amarillo,Potter,
79189,Amarillo,Potter,
79201,Childress,Childress,
79220,Afton,Dickens,
79221,Aiken,Floyd,
79223,Cee Vee,Cottle,
79225,Chillicothe,Hardeman,
79226,Clarendon,Donley,
79227,Crowell,Foard,
79229,Dickens,Dickens,
79230,Dodson,Collingsworth,
79231,Dougherty,Floyd,
79233,Estelline,Hall,
79234,Flomot,Motley,
79235,Floydada,Floyd,
79236,Guthrie,King,
79237,Hedley,Donley,
79239,Lakeview,Hall,
79240,Lelia Lake,Donley,
79241,Lockney,Floyd,
79243,Mcadoo,Dickens,
79244,Matador,Motley,
79245,Memphis,Hall,
79247,Odell,Wilbarger,
79248,Paducah,Cottle,
79250,Petersburg,Hale,
79251,Quail,Collingsworth,
79252,Quanah,Hardeman,
79255,Quitaque,Briscoe,
79256,Roaring Springs,Motley,
79257,Silverton,Briscoe,
79258,South Plains,Floyd,
79259,Tell,Childress,
79261,Turkey,Hall,
79311,Abernathy,Hale,
79312,Amherst,Lamb,
79313,Anton,Hockley,
79314,Bledsoe,Cochran,
79316,Brownfield,Terry,
79322,Crosbyton,Crosby,
79323,Denver City,Yoakum,
79324,Enochs,Bailey,
79325,Farwell,Parmer,
79326,Fieldton,Lamb,
79329,Idalou,Lubbock,
79330,Justiceburg,Garza,
79331,Lamesa,Dawson,
79336,Levelland,Hockley,
79338,Levelland,Hockley,
79339,Littlefield,Lamb,
79342,Loop,Gaines,
79343,Lorenzo,Crosby,
79344,Maple,Bailey,
79345,Meadow,Terry,
79346,Morton,Cochran,
79347,Muleshoe,Bailey,
79350,New Deal,Lubbock,
79351,Odonnell,Lynn,
79353,Pep,Hockley,
79355,Plains,Yoakum,
79356,Post,Garza,
79357,Ralls,Crosby,
79358,Ropesville,Hockley,
79359,Seagraves,Gaines,
79360,Seminole,Gaines,
79363,Shallowater,Lubbock,
79364,Slaton,Lubbock,
79366,Ransom Canyon,Lubbock,
79367,Smyer,Hockley,
79369,Spade,Lamb,
79370,Spur,Dickens,
79371,Sudan,Lamb,
79372,Sundown,Hockley,
79373,Tahoka,Lynn,
79376,Tokio,Yoakum,
79377,Welch,Dawson,
79378,Wellman,Terry,
79379,Whiteface,Cochran,
79380,Whitharral,Hockley,
79381,Wilson,Lynn,
79382,Wolfforth,Lubbock,
79383,New Home,Lynn,
79401,Lubbock,Lubbock,
79402,Lubbock,Lubbock,
79403,Lubbock,Lubbock,
79404,Lubbock,Lubbock,
79406,Lubbock,Lubbock,
79407,Lubbock,Lubbock,
79408,Lubbock,Lubbock,
79409,Lubbock,Lubbock,
79410,Lubbock,Lubbock,
79411,Lubbock,Lubbock,
79412,Lubbock,Lubbock,
79413,Lubbock,Lubbock,
79414,Lubbock,Lubbock,
79415,Lubbock,Lubbock,
79416,Lubbock,Lubbock,
79423,Lubbock,Lubbock,
79424,Lubbock,Lubbock,
79430,Lubbock,Lubbock,
79452,Lubbock,Lubbock,
79453,Lubbock,Lubbock,
79457,Lubbock,Lubbock,
79464,Lubbock,Lubbock,
79490,Lubbock,Lubbock,
79491,Lubbock,Lubbock,
79493,Lubbock,Lubbock,
79499,Lubbock,Lubbock,
79501,Anson,Jones,
79502,Aspermont,Stonewall,
79503,Avoca,Jones,
79504,Baird,Callahan,
79505,Benjamin,Knox,
79506,Blackwell,Nolan,
79508,Buffalo Gap,Taylor,
79510,Clyde,Callahan,
79511,Coahoma,Howard,
79512,Colorado City,Mitchell,
79516,Dunn,Scurry,
79517,Fluvanna,Scurry,
79518,Girard,Kent,
79519,Goldsboro,Coleman,
79520,Hamlin,Jones,
79521,Haskell,Haskell,
79525,Hawley,Jones,
79526,Hermleigh,Scurry,
79527,Ira,Scurry,
79528,Jayton,Kent,
79529,Knox City,Knox,
79530,Lawn,Taylor,
79532,Loraine,Mitchell,
79533,Lueders,Jones,
79534,Mc Caulley,Fisher,
79535,Maryneal,Nolan,
79536,Merkel,Taylor,
79537,Nolan,Nolan,
79538,Novice,Coleman,
79539,O Brien,Haskell,
79540,Old Glory,Stonewall,
79541,Ovalo,Taylor,
79543,Roby,Fisher,
79544,Rochester,Haskell,
79545,Roscoe,Nolan,
79546,Rotan,Fisher,
79547,Rule,Haskell,
79548,Rule,Haskell,
79549,Snyder,Scurry,
79550,Snyder,Scurry,
79553,Stamford,Jones,
79556,Sweetwater,Nolan,
79560,Sylvester,Fisher,
79561,Trent,Taylor,
79562,Tuscola,Taylor,
79563,Tye,Taylor,
79565,Westbrook,Mitchell,
79566,Wingate,Runnels,
79567,Winters,Runnels,
79601,Abilene,Taylor,
79602,Abilene,Taylor,
79603,Abilene,Taylor,
79604,Abilene,Taylor,
79605,Abilene,Taylor,
79606,Abilene,Taylor,
79607,Dyess AFB,Taylor,
79608,Abilene,Taylor,
79697,Abilene,Taylor,
79698,Abilene,Taylor,
79699,Abilene,Taylor,
79701,Midland,Midland,
79702,Midland,Midland,
79703,Midland,Midland,
79704,Midland,Midland,
79705,Midland,Midland,
79706,Midland,Midland,
79707,Midland,Midland,
79708,Midland,Midland,
79710,Midland,Midland,
79711,Midland,Midland,
79712,Midland,Midland,
79713,Ackerly,Martin,
79714,Andrews,Andrews,
79718,Balmorhea,Reeves,
79719,Barstow,Ward,
79720,Big Spring,Howard,
79721,Big Spring,Howard,
79730,Coyanosa,Pecos,
79731,Crane,Crane,
79733,Forsan,Howard,
79734,Fort Davis,Jeff Davis,
79735,Fort Stockton,Pecos,
79738,Gail,Borden,
79739,Garden City,Glasscock,
79740,Girvin,Pecos,
79741,Goldsmith,Ector,
79742,Grandfalls,Ward,
79743,Imperial,Pecos,
79744,Iraan,Pecos,
79745,Kermit,Winkler,
79748,Knott,Howard,
79749,Lenorah,Martin,
79752,Mc Camey,Upton,
79754,Mentone,Loving,
79755,Midkiff,Upton,
79756,Monahans,Ward,
79758,Gardendale,Ector,
79759,Notrees,Ector,
79760,Odessa,Ector,
79761,Odessa,Ector,
79762,Odessa,Ector,
79763,Odessa,Ector,
79764,Odessa,Ector,
79765,Odessa,Ector,
79766,Odessa,Ector,
79768,Odessa,Ector,
79769,Odessa,Ector,
79770,Orla,Reeves,
79772,Pecos,Reeves,
79776,Penwell,Ector,
79777,Pyote,Ward,
79778,Rankin,Upton,
79780,Saragosa,Reeves,
79781,Sheffield,Pecos,
79782,Stanton,Martin,
79783,Tarzan,Martin,
79785,Toyah,Reeves,
79786,Toyahvale,Reeves,
79788,Wickett,Ward,
79789,Wink,Winkler,
79821,Anthony,El Paso,
79830,Alpine,Brewster,
79831,Alpine,Brewster,
79832,Alpine,Brewster,
79834,Big Bend National Park,Brewster,
79835,Canutillo,El Paso,
79836,Clint,El Paso,
79837,Dell City,Hudspeth,
79838,Fabens,El Paso,
79839,Fort Hancock,Hudspeth,
79842,Marathon,Brewster,
79843,Marfa,Presidio,
79845,Presidio,Presidio,
79846,Redford,Presidio,
79847,Salt Flat,Hudspeth,
79848,Sanderson,Terrell,
79849,San Elizario,El Paso,
79851,Sierra Blanca,Hudspeth,
79852,Terlingua,Brewster,
79853,Tornillo,El Paso,
79854,Valentine,Presidio,
79855,Van Horn,Culberson,
79901,El Paso,El Paso,
79902,El Paso,El Paso,
79903,El Paso,El Paso,
79904,El Paso,El Paso,
79905,El Paso,El Paso,
79906,El Paso,El Paso,
79907,El Paso,El Paso,
79908,El Paso,El Paso,
79910,El Paso,El Paso,
79911,El Paso,El Paso,
79912,El Paso,El Paso,
79913,El Paso,El Paso,
79914,El Paso,El Paso,
79915,El Paso,El Paso,
79916,Fort Bliss,El Paso,
79917,El Paso,El Paso,
79918,Fort Bliss,El Paso,
79920,El Paso,El Paso,
79922,El Paso,El Paso,
79923,El Paso,El Paso,
79924,El Paso,El Paso,
79925,El Paso,El Paso,
79926,El Paso,El Paso,
79927,El Paso,El Paso,
79928,El Paso,El Paso,
79929,El Paso,El Paso,
79930,El Paso,El Paso,
79931,El Paso,El Paso,
79932,El Paso,El Paso,
79934,El Paso,El Paso,
79935,El Paso,El Paso,
79936,El Paso,El Paso,
79937,El Paso,El Paso,
79938,El Paso,El Paso,
79940,El Paso,El Paso,
79941,El Paso,El Paso,
79942,El Paso,El Paso,
79943,El Paso,El Paso,
79944,El Paso,El Paso,
79945,El Paso,El Paso,
79946,El Paso,El Paso,
79947,El Paso,El Paso,
79948,El Paso,El Paso,
79949,El Paso,El Paso,
79950,El Paso,El Paso,
79951,El Paso,El Paso,
79952,El Paso,El Paso,
79953,El Paso,El Paso,
79954,El Paso,El Paso,
79955,El Paso,El Paso,
79958,El Paso,El Paso,
79960,El Paso,El Paso,
79961,El Paso,El Paso,
79968,El Paso,El Paso,
79976,El Paso,El Paso,
79978,El Paso,El Paso,
79980,El Paso,El Paso,
79995,El Paso,El Paso,
79996,El Paso,El Paso,
79997,El Paso,El Paso,
79998,El Paso,El Paso,
79999,El Paso,El Paso,
88510,El Paso,El Paso,
88511,El Paso,El Paso,
88512,El Paso,El Paso,
88513,El Paso,El Paso,
88514,El Paso,El Paso,
88515,El Paso,El Paso,
88517,El Paso,El Paso,
88518,El Paso,El Paso,
88519,El Paso,El Paso,
88520,El Paso,El Paso,
88521,El Paso,El Paso,
88523,El Paso,El Paso,
88524,El Paso,El Paso,
88525,El Paso,El Paso,
88526,El Paso,El Paso,
88527,El Paso,El Paso,
88528,El Paso,El Paso,
88529,El Paso,El Paso,
88530,El Paso,El Paso,
88531,El Paso,El Paso,
88532,El Paso,El Paso,
88533,El Paso,El Paso,
88534,El Paso,El Paso,
88535,El Paso,El Paso,
88536,El Paso,El Paso,
88538,El Paso,El Paso,
88539,El Paso,El Paso,
88540,El Paso,El Paso,
88541,El Paso,El Paso,
88542,El Paso,El Paso,
88543,El Paso,El Paso,
88544,El Paso,El Paso,
88545,El Paso,El Paso,
88546,El Paso,El Paso,
88547,El Paso,El Paso,
88548,El Paso,El Paso,
88549,El Paso,El Paso,
88550,El Paso,El Paso,
88553,El Paso,El Paso,
88554,El Paso,El Paso,
88555,El Paso,El Paso,
88556,El Paso,El Paso,
88557,El Paso,El Paso,
88558,El Paso,El Paso,
88559,El Paso,El Paso,
88560,El Paso,El Paso,
88561,El Paso,El Paso,
88562,El Paso,El Paso,
88563,El Paso,El Paso,
88565,El Paso,El Paso,
88566,El Paso,El Paso,
88567,El Paso,El Paso,
88568,El Paso,El Paso,
88569,El Paso,El Paso,
88570,El Paso,El Paso,
88571,El Paso,El Paso,
88572,El Paso,El Paso,
88573,El Paso,El Paso,
88574,El Paso,El Paso,
88575,El Paso,El Paso,
88576,El Paso,El Paso,
88577,El Paso,El Paso,
88578,El Paso,El Paso,
88579,El Paso,El Paso,
88580,El Paso,El Paso,
88581,El Paso,El Paso,
88582,El Paso,El Paso,
88583,El Paso,El Paso,
88584,El Paso,El Paso,
88585,El Paso,El Paso,
88586,El Paso,El Paso,
88587,El Paso,El Paso,
88588,El Paso,El Paso,
88589,El Paso,El Paso,
88590,El Paso,El Paso,
88595,El Paso,El Paso,
